{"v":"5.1.10","fr":48,"ip":0,"op":240,"w":750,"h":1334,"nm":"第三页","ddd":0,"assets":[{"id":"image_0","w":59,"h":55,"u":"images/","p":"img_0.png"},{"id":"image_1","w":152,"h":82,"u":"images/","p":"img_1.png"},{"id":"image_2","w":188,"h":325,"u":"images/","p":"img_2.png"},{"id":"image_3","w":673,"h":523,"u":"images/","p":"img_3.png"},{"id":"comp_0","layers":[{"ddd":0,"ind":2,"ty":0,"nm":"预合成 5","refId":"comp_1","sr":1,"ks":{"o":{"a":0,"k":100,"ix":11},"r":{"a":0,"k":0,"ix":10},"p":{"a":1,"k":[{"i":{"x":0.833,"y":0.833},"o":{"x":0.167,"y":0.167},"n":"0p833_0p833_0p167_0p167","t":0,"s":[51.5,29,0],"e":[317.75,29,0],"to":[44.375,0,0],"ti":[-44.375,0,0]},{"t":32}],"ix":2},"a":{"a":0,"k":[105.5,29,0],"ix":1},"s":{"a":0,"k":[100,100,100],"ix":6}},"ao":0,"w":211,"h":58,"ip":0,"op":32,"st":0,"bm":0}]},{"id":"comp_1","layers":[{"ddd":0,"ind":1,"ty":2,"nm":"3-光.png","cl":"png","refId":"image_0","sr":1,"ks":{"o":{"a":0,"k":41,"ix":11},"r":{"a":0,"k":0,"ix":10},"p":{"a":0,"k":[27.5,29,0],"ix":2},"a":{"a":0,"k":[29.5,27.5,0],"ix":1},"s":{"a":0,"k":[100,100,100],"ix":6}},"ao":0,"ip":0,"op":304,"st":0,"bm":0},{"ddd":0,"ind":2,"ty":2,"nm":"3-光.png","cl":"png","refId":"image_0","sr":1,"ks":{"o":{"a":0,"k":100,"ix":11},"r":{"a":0,"k":0,"ix":10},"p":{"a":0,"k":[27.5,29,0],"ix":2},"a":{"a":0,"k":[29.5,27.5,0],"ix":1},"s":{"a":0,"k":[100,100,100],"ix":6}},"ao":0,"ip":0,"op":304,"st":0,"bm":0}]},{"id":"comp_2","layers":[{"ddd":0,"ind":1,"ty":2,"nm":"3-赞.png","cl":"png","refId":"image_1","sr":1,"ks":{"o":{"a":0,"k":100,"ix":11},"r":{"a":0,"k":0,"ix":10},"p":{"a":0,"k":[77.5,41,0],"ix":2},"a":{"a":0,"k":[76,41,0],"ix":1},"s":{"a":0,"k":[100,100,100],"ix":6}},"ao":0,"ip":0,"op":480,"st":0,"bm":0}]},{"id":"comp_3","layers":[{"ddd":0,"ind":1,"ty":2,"nm":"3-飞机.png","cl":"png","refId":"image_2","sr":1,"ks":{"o":{"a":0,"k":100,"ix":11},"r":{"a":0,"k":0,"ix":10},"p":{"a":0,"k":[128,163.5,0],"ix":2},"a":{"a":0,"k":[94,162.5,0],"ix":1},"s":{"a":0,"k":[100,100,100],"ix":6}},"ao":0,"ip":0,"op":480,"st":0,"bm":0}]},{"id":"comp_4","layers":[{"ddd":0,"ind":1,"ty":2,"nm":"3-门店.png","cl":"png","refId":"image_3","sr":1,"ks":{"o":{"a":0,"k":100,"ix":11},"r":{"a":0,"k":0,"ix":10},"p":{"a":0,"k":[336.5,261.5,0],"ix":2},"a":{"a":0,"k":[336.5,261.5,0],"ix":1},"s":{"a":0,"k":[100,100,100],"ix":6}},"ao":0,"ip":0,"op":480,"st":0,"bm":0}]}],"layers":[{"ddd":0,"ind":1,"ty":0,"nm":"形状图层 1 合成 2","refId":"comp_0","sr":1,"ks":{"o":{"a":0,"k":40,"ix":11},"r":{"a":0,"k":0,"ix":10},"p":{"a":0,"k":[332.5,1002,0],"ix":2},"a":{"a":0,"k":[105.5,29,0],"ix":1},"s":{"a":0,"k":[93.835,90.517,100],"ix":6}},"ao":0,"w":211,"h":58,"ip":126,"op":186,"st":126,"bm":0},{"ddd":0,"ind":2,"ty":0,"nm":"形状图层 1 合成 2","refId":"comp_0","sr":1,"ks":{"o":{"a":0,"k":40,"ix":11},"r":{"a":0,"k":0,"ix":10},"p":{"a":0,"k":[388,698,0],"ix":2},"a":{"a":0,"k":[105.5,29,0],"ix":1},"s":{"a":0,"k":[90.517,90.517,100],"ix":6}},"ao":0,"w":211,"h":58,"ip":76,"op":136,"st":76,"bm":0},{"ddd":0,"ind":3,"ty":0,"nm":"3-赞.png 合成 1","cl":"png","refId":"comp_2","sr":1,"ks":{"o":{"a":0,"k":100,"ix":11},"r":{"a":1,"k":[{"i":{"x":[0.833],"y":[0.833]},"o":{"x":[0.167],"y":[0.167]},"n":["0p833_0p833_0p167_0p167"],"t":44,"s":[0],"e":[-13.491]},{"i":{"x":[0.833],"y":[0.833]},"o":{"x":[0.167],"y":[0.167]},"n":["0p833_0p833_0p167_0p167"],"t":54,"s":[-13.491],"e":[8.21]},{"i":{"x":[0.833],"y":[0.833]},"o":{"x":[0.167],"y":[0.167]},"n":["0p833_0p833_0p167_0p167"],"t":68,"s":[8.21],"e":[1.152]},{"i":{"x":[0.833],"y":[0.833]},"o":{"x":[0.167],"y":[0.167]},"n":["0p833_0p833_0p167_0p167"],"t":76,"s":[1.152],"e":[1.152]},{"i":{"x":[0.833],"y":[0.833]},"o":{"x":[0.167],"y":[0.167]},"n":["0p833_0p833_0p167_0p167"],"t":86,"s":[1.152],"e":[0]},{"i":{"x":[0.833],"y":[0.833]},"o":{"x":[0.167],"y":[0.167]},"n":["0p833_0p833_0p167_0p167"],"t":186,"s":[0],"e":[-13.491]},{"i":{"x":[0.833],"y":[0.833]},"o":{"x":[0.167],"y":[0.167]},"n":["0p833_0p833_0p167_0p167"],"t":196,"s":[-13.491],"e":[8.21]},{"i":{"x":[0.833],"y":[0.833]},"o":{"x":[0.167],"y":[0.167]},"n":["0p833_0p833_0p167_0p167"],"t":210,"s":[8.21],"e":[1.152]},{"i":{"x":[0.833],"y":[0.833]},"o":{"x":[0.167],"y":[0.167]},"n":["0p833_0p833_0p167_0p167"],"t":218,"s":[1.152],"e":[1.152]},{"t":228}],"ix":10},"p":{"a":1,"k":[{"i":{"x":0.833,"y":0.833},"o":{"x":0.167,"y":0.167},"n":"0p833_0p833_0p167_0p167","t":30,"s":[537,1230,0],"e":[537,1177,0],"to":[0,-8.83333301544189,0],"ti":[0,8.83333301544189,0]},{"i":{"x":0.833,"y":0.833},"o":{"x":0.167,"y":0.167},"n":"0p833_0p833_0p167_0p167","t":42,"s":[537,1177,0],"e":[537,1177,0],"to":[0,0,0],"ti":[0,0,0]},{"i":{"x":0.833,"y":0.833},"o":{"x":0.167,"y":0.167},"n":"0p833_0p833_0p167_0p167","t":76,"s":[537,1177,0],"e":[537,1230,0],"to":[0,8.83333301544189,0],"ti":[0,-8.83333301544189,0]},{"i":{"x":0.833,"y":0.833},"o":{"x":0.167,"y":0.167},"n":"0p833_0p833_0p167_0p167","t":86,"s":[537,1230,0],"e":[537,1230,0],"to":[0,0,0],"ti":[0,0,0]},{"i":{"x":0.833,"y":0.833},"o":{"x":0.167,"y":0.167},"n":"0p833_0p833_0p167_0p167","t":172,"s":[537,1230,0],"e":[537,1177,0],"to":[0,-8.83333301544189,0],"ti":[0,8.83333301544189,0]},{"i":{"x":0.833,"y":0.833},"o":{"x":0.167,"y":0.167},"n":"0p833_0p833_0p167_0p167","t":184,"s":[537,1177,0],"e":[537,1177,0],"to":[0,0,0],"ti":[0,0,0]},{"i":{"x":0.833,"y":0.833},"o":{"x":0.167,"y":0.167},"n":"0p833_0p833_0p167_0p167","t":218,"s":[537,1177,0],"e":[537,1230,0],"to":[0,8.83333301544189,0],"ti":[0,-8.83333301544189,0]},{"t":228}],"ix":2},"a":{"a":0,"k":[33.5,94,0],"ix":1},"s":{"a":0,"k":[100,100,100],"ix":6}},"ao":0,"w":155,"h":82,"ip":-16,"op":464,"st":-16,"bm":0},{"ddd":0,"ind":5,"ty":0,"nm":"3-飞机.png 合成 1","cl":"png","refId":"comp_3","sr":1,"ks":{"o":{"a":1,"k":[{"i":{"x":[0.833],"y":[0.833]},"o":{"x":[0.167],"y":[0.167]},"n":["0p833_0p833_0p167_0p167"],"t":0,"s":[0],"e":[100]},{"t":28}],"ix":11},"r":{"a":0,"k":0,"ix":10},"p":{"a":1,"k":[{"i":{"x":0.833,"y":0.833},"o":{"x":0.167,"y":0.167},"n":"0p833_0p833_0p167_0p167","t":0,"s":[586.25,566.562,0],"e":[576.75,569.312,0],"to":[-2.39583325386047,0.88541668653488,0],"ti":[4.19580459594727,-0.6306819319725,0]},{"i":{"x":0.833,"y":0.833},"o":{"x":0.167,"y":0.167},"n":"0p833_0p833_0p167_0p167","t":26,"s":[576.75,569.312,0],"e":[569.499,567.915,0],"to":[-5.21293258666992,0.78356903791428,0],"ti":[0.08049513399601,1.44584691524506,0]},{"i":{"x":0.833,"y":0.833},"o":{"x":0.167,"y":0.167},"n":"0p833_0p833_0p167_0p167","t":60,"s":[569.499,567.915,0],"e":[581,564.312,0],"to":[-0.09692488610744,-1.74095690250397,0],"ti":[-7.67544507980347,-0.10343118011951,0]},{"i":{"x":0.833,"y":0.833},"o":{"x":0.167,"y":0.167},"n":"0p833_0p833_0p167_0p167","t":98,"s":[581,564.312,0],"e":[599.688,564.688,0],"to":[10.9174547195435,0.14711917936802,0],"ti":[-4.79174327850342,0.34125351905823,0]},{"i":{"x":0.833,"y":0.833},"o":{"x":0.167,"y":0.167},"n":"0p833_0p833_0p167_0p167","t":134,"s":[599.688,564.688,0],"e":[610.76,560.581,0],"to":[7.760338306427,-0.55266791582108,0],"ti":[1.11244928836823,1.92197465896606,0]},{"i":{"x":0.833,"y":0.833},"o":{"x":0.167,"y":0.167},"n":"0p833_0p833_0p167_0p167","t":178,"s":[610.76,560.581,0],"e":[599.25,560.688,0],"to":[-1.20353293418884,-2.07933974266052,0],"ti":[4.50694847106934,-1.55003952980042,0]},{"i":{"x":0.833,"y":0.833},"o":{"x":0.167,"y":0.167},"n":"0p833_0p833_0p167_0p167","t":210,"s":[599.25,560.688,0],"e":[586.25,566.562,0],"to":[-3.70875334739685,1.27552247047424,0],"ti":[6.69665384292603,-3.70355701446533,0]},{"i":{"x":0.833,"y":0.833},"o":{"x":0.167,"y":0.167},"n":"0p833_0p833_0p167_0p167","t":240,"s":[586.25,566.562,0],"e":[576.75,569.312,0],"to":[-0.5066282749176,0.28018870949745,0],"ti":[4.19580459594727,-0.6306819319725,0]},{"i":{"x":0.833,"y":0.833},"o":{"x":0.167,"y":0.167},"n":"0p833_0p833_0p167_0p167","t":274,"s":[576.75,569.312,0],"e":[569.499,567.915,0],"to":[-5.21293258666992,0.78356903791428,0],"ti":[0.08049513399601,1.44584691524506,0]},{"i":{"x":0.833,"y":0.833},"o":{"x":0.167,"y":0.167},"n":"0p833_0p833_0p167_0p167","t":308,"s":[569.499,567.915,0],"e":[581,564.312,0],"to":[-0.09692488610744,-1.74095690250397,0],"ti":[-7.67544507980347,-0.10343118011951,0]},{"i":{"x":0.833,"y":0.833},"o":{"x":0.167,"y":0.167},"n":"0p833_0p833_0p167_0p167","t":346,"s":[581,564.312,0],"e":[599.688,564.688,0],"to":[10.9174547195435,0.14711917936802,0],"ti":[-4.79174327850342,0.34125351905823,0]},{"i":{"x":0.833,"y":0.833},"o":{"x":0.167,"y":0.167},"n":"0p833_0p833_0p167_0p167","t":382,"s":[599.688,564.688,0],"e":[610.76,560.581,0],"to":[7.760338306427,-0.55266791582108,0],"ti":[1.11244928836823,1.92197465896606,0]},{"i":{"x":0.833,"y":0.833},"o":{"x":0.167,"y":0.167},"n":"0p833_0p833_0p167_0p167","t":426,"s":[610.76,560.581,0],"e":[599.25,560.688,0],"to":[-1.20353293418884,-2.07933974266052,0],"ti":[4.50694847106934,-1.55003952980042,0]},{"i":{"x":0.833,"y":0.833},"o":{"x":0.167,"y":0.167},"n":"0p833_0p833_0p167_0p167","t":458,"s":[599.25,560.688,0],"e":[586.25,566.562,0],"to":[-3.70875334739685,1.27552247047424,0],"ti":[6.69665384292603,-3.70355701446533,0]},{"t":488}],"ix":2},"a":{"a":0,"k":[114,176.5,0],"ix":1},"s":{"a":1,"k":[{"i":{"x":[0.833,0.833,0.833],"y":[0.833,0.833,0.833]},"o":{"x":[0.167,0.167,0.167],"y":[0.167,0.167,0.167]},"n":["0p833_0p833_0p167_0p167","0p833_0p833_0p167_0p167","0p833_0p833_0p167_0p167"],"t":60,"s":[100,100,100],"e":[98,98,100]},{"i":{"x":[0.833,0.833,0.833],"y":[0.833,0.833,0.833]},"o":{"x":[0.167,0.167,0.167],"y":[0.167,0.167,0.167]},"n":["0p833_0p833_0p167_0p167","0p833_0p833_0p167_0p167","0p833_0p833_0p167_0p167"],"t":98,"s":[98,98,100],"e":[100,100,100]},{"i":{"x":[0.833,0.833,0.833],"y":[0.833,0.833,0.833]},"o":{"x":[0.167,0.167,0.167],"y":[0.167,0.167,0.167]},"n":["0p833_0p833_0p167_0p167","0p833_0p833_0p167_0p167","0p833_0p833_0p167_0p167"],"t":128,"s":[100,100,100],"e":[100,100,100]},{"i":{"x":[0.833,0.833,0.833],"y":[0.833,0.833,0.833]},"o":{"x":[0.167,0.167,0.167],"y":[0.167,0.167,0.167]},"n":["0p833_0p833_0p167_0p167","0p833_0p833_0p167_0p167","0p833_0p833_0p167_0p167"],"t":240,"s":[100,100,100],"e":[98,98,100]},{"i":{"x":[0.833,0.833,0.833],"y":[0.833,0.833,0.833]},"o":{"x":[0.167,0.167,0.167],"y":[0.167,0.167,0.167]},"n":["0p833_0p833_0p167_0p167","0p833_0p833_0p167_0p167","0p833_0p833_0p167_0p167"],"t":274,"s":[98,98,100],"e":[100,100,100]},{"t":306}],"ix":6}},"ao":0,"w":228,"h":353,"ip":0,"op":480,"st":0,"bm":0},{"ddd":0,"ind":6,"ty":0,"nm":"3-门店.png 合成 1","cl":"png","refId":"comp_4","sr":1,"ks":{"o":{"a":0,"k":100,"ix":11},"r":{"a":0,"k":0,"ix":10},"p":{"a":0,"k":[415,927,0],"ix":2},"a":{"a":0,"k":[336.5,261.5,0],"ix":1},"s":{"a":0,"k":[100,100,100],"ix":6}},"ao":0,"w":673,"h":523,"ip":0,"op":480,"st":0,"bm":0}],"markers":[]}