{"v":"5.1.10","fr":48,"ip":0,"op":250,"w":750,"h":1334,"nm":"第二页","ddd":0,"assets":[{"id":"image_0","w":585,"h":521,"u":"images/","p":"img_0.png"},{"id":"image_1","w":219,"h":105,"u":"images/","p":"img_1.png"},{"id":"image_2","w":236,"h":182,"u":"images/","p":"img_2.png"},{"id":"image_3","w":117,"h":27,"u":"images/","p":"img_3.png"},{"id":"image_4","w":128,"h":202,"u":"images/","p":"img_4.png"},{"id":"comp_0","layers":[{"ddd":0,"ind":1,"ty":2,"nm":"2-骑士.png","cl":"png","refId":"image_0","sr":1,"ks":{"o":{"a":0,"k":100,"ix":11},"r":{"a":0,"k":0,"ix":10},"p":{"a":0,"k":[446,294,0],"ix":2},"a":{"a":0,"k":[292.5,260.5,0],"ix":1},"s":{"a":0,"k":[100,100,100],"ix":6}},"ao":0,"ip":0,"op":480,"st":0,"bm":0},{"ddd":0,"ind":2,"ty":0,"nm":"2-灯光2.png 合成 1","cl":"png","refId":"comp_1","sr":1,"ks":{"o":{"a":0,"k":100,"ix":11},"r":{"a":0,"k":0,"ix":10},"p":{"a":0,"k":[173,299,0],"ix":2},"a":{"a":0,"k":[109.5,52.5,0],"ix":1},"s":{"a":0,"k":[100,100,100],"ix":6}},"ao":0,"w":219,"h":105,"ip":210,"op":220,"st":210,"bm":0},{"ddd":0,"ind":3,"ty":0,"nm":"2-灯光2.png 合成 1","cl":"png","refId":"comp_1","sr":1,"ks":{"o":{"a":0,"k":100,"ix":11},"r":{"a":0,"k":0,"ix":10},"p":{"a":0,"k":[173,299,0],"ix":2},"a":{"a":0,"k":[109.5,52.5,0],"ix":1},"s":{"a":0,"k":[100,100,100],"ix":6}},"ao":0,"w":219,"h":105,"ip":190,"op":200,"st":190,"bm":0},{"ddd":0,"ind":4,"ty":0,"nm":"2-灯光2.png 合成 1","cl":"png","refId":"comp_1","sr":1,"ks":{"o":{"a":0,"k":100,"ix":11},"r":{"a":0,"k":0,"ix":10},"p":{"a":0,"k":[173,299,0],"ix":2},"a":{"a":0,"k":[109.5,52.5,0],"ix":1},"s":{"a":0,"k":[100,100,100],"ix":6}},"ao":0,"w":219,"h":105,"ip":128,"op":138,"st":128,"bm":0},{"ddd":0,"ind":5,"ty":0,"nm":"2-灯光2.png 合成 1","cl":"png","refId":"comp_1","sr":1,"ks":{"o":{"a":0,"k":100,"ix":11},"r":{"a":0,"k":0,"ix":10},"p":{"a":0,"k":[173,299,0],"ix":2},"a":{"a":0,"k":[109.5,52.5,0],"ix":1},"s":{"a":0,"k":[100,100,100],"ix":6}},"ao":0,"w":219,"h":105,"ip":108,"op":118,"st":108,"bm":0},{"ddd":0,"ind":6,"ty":0,"nm":"2-灯光2.png 合成 1","cl":"png","refId":"comp_1","sr":1,"ks":{"o":{"a":0,"k":100,"ix":11},"r":{"a":0,"k":0,"ix":10},"p":{"a":0,"k":[173,299,0],"ix":2},"a":{"a":0,"k":[109.5,52.5,0],"ix":1},"s":{"a":0,"k":[100,100,100],"ix":6}},"ao":0,"w":219,"h":105,"ip":50,"op":60,"st":50,"bm":0},{"ddd":0,"ind":7,"ty":0,"nm":"2-灯光2.png 合成 1","cl":"png","refId":"comp_1","sr":1,"ks":{"o":{"a":0,"k":100,"ix":11},"r":{"a":0,"k":0,"ix":10},"p":{"a":0,"k":[173,299,0],"ix":2},"a":{"a":0,"k":[109.5,52.5,0],"ix":1},"s":{"a":0,"k":[100,100,100],"ix":6}},"ao":0,"w":219,"h":105,"ip":30,"op":40,"st":30,"bm":0},{"ddd":0,"ind":8,"ty":0,"nm":"2-灯光1.png 合成 1","cl":"png","refId":"comp_2","sr":1,"ks":{"o":{"a":0,"k":100,"ix":11},"r":{"a":0,"k":0,"ix":10},"p":{"a":0,"k":[173,299,0],"ix":2},"a":{"a":0,"k":[118,91,0],"ix":1},"s":{"a":0,"k":[100,100,100],"ix":6}},"ao":0,"w":236,"h":182,"ip":0,"op":480,"st":0,"bm":0},{"ddd":0,"ind":9,"ty":0,"nm":"预合成 4","refId":"comp_3","sr":1,"ks":{"o":{"a":0,"k":100,"ix":11},"r":{"a":0,"k":0,"ix":10},"p":{"a":0,"k":[392,294,0],"ix":2},"a":{"a":0,"k":[392,294,0],"ix":1},"s":{"a":0,"k":[100,100,100],"ix":6}},"ao":0,"w":784,"h":588,"ip":0,"op":480,"st":0,"bm":0}]},{"id":"comp_1","layers":[{"ddd":0,"ind":1,"ty":2,"nm":"2-灯光2.png","cl":"png","refId":"image_1","sr":1,"ks":{"o":{"a":0,"k":100,"ix":11},"r":{"a":0,"k":0,"ix":10},"p":{"a":0,"k":[109.5,52.5,0],"ix":2},"a":{"a":0,"k":[109.5,52.5,0],"ix":1},"s":{"a":0,"k":[100,100,100],"ix":6}},"ao":0,"ip":0,"op":480,"st":0,"bm":0}]},{"id":"comp_2","layers":[{"ddd":0,"ind":1,"ty":2,"nm":"2-灯光1.png","cl":"png","refId":"image_2","sr":1,"ks":{"o":{"a":0,"k":100,"ix":11},"r":{"a":0,"k":0,"ix":10},"p":{"a":0,"k":[118,91,0],"ix":2},"a":{"a":0,"k":[118,91,0],"ix":1},"s":{"a":0,"k":[100,100,100],"ix":6}},"ao":0,"ip":0,"op":480,"st":0,"bm":0}]},{"id":"comp_3","layers":[{"ddd":0,"ind":1,"ty":0,"nm":"2-骑士-火焰.png 合成 1","cl":"png","refId":"comp_4","sr":1,"ks":{"o":{"a":0,"k":100,"ix":11},"r":{"a":0,"k":0,"ix":10},"p":{"a":0,"k":[632,472,0],"ix":2},"a":{"a":0,"k":[58.5,13.5,0],"ix":1},"s":{"a":0,"k":[100,100,100],"ix":6}},"ao":0,"w":117,"h":27,"ip":310,"op":320,"st":310,"bm":0},{"ddd":0,"ind":2,"ty":0,"nm":"2-骑士-火焰.png 合成 1","cl":"png","refId":"comp_4","sr":1,"ks":{"o":{"a":0,"k":100,"ix":11},"r":{"a":0,"k":0,"ix":10},"p":{"a":0,"k":[652,472,0],"ix":2},"a":{"a":0,"k":[58.5,13.5,0],"ix":1},"s":{"a":0,"k":[100,100,100],"ix":6}},"ao":0,"w":117,"h":27,"ip":300,"op":310,"st":300,"bm":0},{"ddd":0,"ind":3,"ty":0,"nm":"2-骑士-火焰.png 合成 1","cl":"png","refId":"comp_4","sr":1,"ks":{"o":{"a":0,"k":100,"ix":11},"r":{"a":0,"k":0,"ix":10},"p":{"a":0,"k":[632,472,0],"ix":2},"a":{"a":0,"k":[58.5,13.5,0],"ix":1},"s":{"a":0,"k":[100,100,100],"ix":6}},"ao":0,"w":117,"h":27,"ip":290,"op":300,"st":290,"bm":0},{"ddd":0,"ind":4,"ty":0,"nm":"2-骑士-火焰.png 合成 1","cl":"png","refId":"comp_4","sr":1,"ks":{"o":{"a":0,"k":100,"ix":11},"r":{"a":0,"k":0,"ix":10},"p":{"a":0,"k":[652,472,0],"ix":2},"a":{"a":0,"k":[58.5,13.5,0],"ix":1},"s":{"a":0,"k":[100,100,100],"ix":6}},"ao":0,"w":117,"h":27,"ip":280,"op":290,"st":280,"bm":0},{"ddd":0,"ind":5,"ty":0,"nm":"2-骑士-火焰.png 合成 1","cl":"png","refId":"comp_4","sr":1,"ks":{"o":{"a":0,"k":100,"ix":11},"r":{"a":0,"k":0,"ix":10},"p":{"a":0,"k":[632,472,0],"ix":2},"a":{"a":0,"k":[58.5,13.5,0],"ix":1},"s":{"a":0,"k":[100,100,100],"ix":6}},"ao":0,"w":117,"h":27,"ip":270,"op":280,"st":270,"bm":0},{"ddd":0,"ind":6,"ty":0,"nm":"2-骑士-火焰.png 合成 1","cl":"png","refId":"comp_4","sr":1,"ks":{"o":{"a":0,"k":100,"ix":11},"r":{"a":0,"k":0,"ix":10},"p":{"a":0,"k":[652,472,0],"ix":2},"a":{"a":0,"k":[58.5,13.5,0],"ix":1},"s":{"a":0,"k":[100,100,100],"ix":6}},"ao":0,"w":117,"h":27,"ip":260,"op":270,"st":260,"bm":0},{"ddd":0,"ind":7,"ty":0,"nm":"2-骑士-火焰.png 合成 1","cl":"png","refId":"comp_4","sr":1,"ks":{"o":{"a":0,"k":100,"ix":11},"r":{"a":0,"k":0,"ix":10},"p":{"a":0,"k":[632,472,0],"ix":2},"a":{"a":0,"k":[58.5,13.5,0],"ix":1},"s":{"a":0,"k":[100,100,100],"ix":6}},"ao":0,"w":117,"h":27,"ip":250,"op":260,"st":250,"bm":0},{"ddd":0,"ind":8,"ty":0,"nm":"2-骑士-火焰.png 合成 1","cl":"png","refId":"comp_4","sr":1,"ks":{"o":{"a":0,"k":100,"ix":11},"r":{"a":0,"k":0,"ix":10},"p":{"a":0,"k":[652,472,0],"ix":2},"a":{"a":0,"k":[58.5,13.5,0],"ix":1},"s":{"a":0,"k":[100,100,100],"ix":6}},"ao":0,"w":117,"h":27,"ip":240,"op":250,"st":240,"bm":0},{"ddd":0,"ind":9,"ty":0,"nm":"2-骑士-火焰.png 合成 1","cl":"png","refId":"comp_4","sr":1,"ks":{"o":{"a":0,"k":100,"ix":11},"r":{"a":0,"k":0,"ix":10},"p":{"a":0,"k":[632,472,0],"ix":2},"a":{"a":0,"k":[58.5,13.5,0],"ix":1},"s":{"a":0,"k":[100,100,100],"ix":6}},"ao":0,"w":117,"h":27,"ip":230,"op":240,"st":230,"bm":0},{"ddd":0,"ind":10,"ty":0,"nm":"2-骑士-火焰.png 合成 1","cl":"png","refId":"comp_4","sr":1,"ks":{"o":{"a":0,"k":100,"ix":11},"r":{"a":0,"k":0,"ix":10},"p":{"a":0,"k":[652,472,0],"ix":2},"a":{"a":0,"k":[58.5,13.5,0],"ix":1},"s":{"a":0,"k":[100,100,100],"ix":6}},"ao":0,"w":117,"h":27,"ip":220,"op":230,"st":220,"bm":0},{"ddd":0,"ind":11,"ty":0,"nm":"2-骑士-火焰.png 合成 1","cl":"png","refId":"comp_4","sr":1,"ks":{"o":{"a":0,"k":100,"ix":11},"r":{"a":0,"k":0,"ix":10},"p":{"a":0,"k":[632,472,0],"ix":2},"a":{"a":0,"k":[58.5,13.5,0],"ix":1},"s":{"a":0,"k":[100,100,100],"ix":6}},"ao":0,"w":117,"h":27,"ip":210,"op":220,"st":210,"bm":0},{"ddd":0,"ind":12,"ty":0,"nm":"2-骑士-火焰.png 合成 1","cl":"png","refId":"comp_4","sr":1,"ks":{"o":{"a":0,"k":100,"ix":11},"r":{"a":0,"k":0,"ix":10},"p":{"a":0,"k":[652,472,0],"ix":2},"a":{"a":0,"k":[58.5,13.5,0],"ix":1},"s":{"a":0,"k":[100,100,100],"ix":6}},"ao":0,"w":117,"h":27,"ip":200,"op":210,"st":200,"bm":0},{"ddd":0,"ind":13,"ty":0,"nm":"2-骑士-火焰.png 合成 1","cl":"png","refId":"comp_4","sr":1,"ks":{"o":{"a":0,"k":100,"ix":11},"r":{"a":0,"k":0,"ix":10},"p":{"a":0,"k":[632,472,0],"ix":2},"a":{"a":0,"k":[58.5,13.5,0],"ix":1},"s":{"a":0,"k":[100,100,100],"ix":6}},"ao":0,"w":117,"h":27,"ip":190,"op":200,"st":190,"bm":0},{"ddd":0,"ind":14,"ty":0,"nm":"2-骑士-火焰.png 合成 1","cl":"png","refId":"comp_4","sr":1,"ks":{"o":{"a":0,"k":100,"ix":11},"r":{"a":0,"k":0,"ix":10},"p":{"a":0,"k":[652,472,0],"ix":2},"a":{"a":0,"k":[58.5,13.5,0],"ix":1},"s":{"a":0,"k":[100,100,100],"ix":6}},"ao":0,"w":117,"h":27,"ip":180,"op":190,"st":180,"bm":0},{"ddd":0,"ind":15,"ty":0,"nm":"2-骑士-火焰.png 合成 1","cl":"png","refId":"comp_4","sr":1,"ks":{"o":{"a":0,"k":100,"ix":11},"r":{"a":0,"k":0,"ix":10},"p":{"a":0,"k":[632,472,0],"ix":2},"a":{"a":0,"k":[58.5,13.5,0],"ix":1},"s":{"a":0,"k":[100,100,100],"ix":6}},"ao":0,"w":117,"h":27,"ip":170,"op":180,"st":170,"bm":0},{"ddd":0,"ind":16,"ty":0,"nm":"2-骑士-火焰.png 合成 1","cl":"png","refId":"comp_4","sr":1,"ks":{"o":{"a":0,"k":100,"ix":11},"r":{"a":0,"k":0,"ix":10},"p":{"a":0,"k":[652,472,0],"ix":2},"a":{"a":0,"k":[58.5,13.5,0],"ix":1},"s":{"a":0,"k":[100,100,100],"ix":6}},"ao":0,"w":117,"h":27,"ip":160,"op":170,"st":160,"bm":0},{"ddd":0,"ind":17,"ty":0,"nm":"2-骑士-火焰.png 合成 1","cl":"png","refId":"comp_4","sr":1,"ks":{"o":{"a":0,"k":100,"ix":11},"r":{"a":0,"k":0,"ix":10},"p":{"a":0,"k":[632,472,0],"ix":2},"a":{"a":0,"k":[58.5,13.5,0],"ix":1},"s":{"a":0,"k":[100,100,100],"ix":6}},"ao":0,"w":117,"h":27,"ip":150,"op":160,"st":150,"bm":0},{"ddd":0,"ind":18,"ty":0,"nm":"2-骑士-火焰.png 合成 1","cl":"png","refId":"comp_4","sr":1,"ks":{"o":{"a":0,"k":100,"ix":11},"r":{"a":0,"k":0,"ix":10},"p":{"a":0,"k":[652,472,0],"ix":2},"a":{"a":0,"k":[58.5,13.5,0],"ix":1},"s":{"a":0,"k":[100,100,100],"ix":6}},"ao":0,"w":117,"h":27,"ip":140,"op":150,"st":140,"bm":0},{"ddd":0,"ind":19,"ty":0,"nm":"2-骑士-火焰.png 合成 1","cl":"png","refId":"comp_4","sr":1,"ks":{"o":{"a":0,"k":100,"ix":11},"r":{"a":0,"k":0,"ix":10},"p":{"a":0,"k":[632,472,0],"ix":2},"a":{"a":0,"k":[58.5,13.5,0],"ix":1},"s":{"a":0,"k":[100,100,100],"ix":6}},"ao":0,"w":117,"h":27,"ip":130,"op":140,"st":130,"bm":0},{"ddd":0,"ind":20,"ty":0,"nm":"2-骑士-火焰.png 合成 1","cl":"png","refId":"comp_4","sr":1,"ks":{"o":{"a":0,"k":100,"ix":11},"r":{"a":0,"k":0,"ix":10},"p":{"a":0,"k":[652,472,0],"ix":2},"a":{"a":0,"k":[58.5,13.5,0],"ix":1},"s":{"a":0,"k":[100,100,100],"ix":6}},"ao":0,"w":117,"h":27,"ip":120,"op":130,"st":120,"bm":0},{"ddd":0,"ind":21,"ty":0,"nm":"2-骑士-火焰.png 合成 1","cl":"png","refId":"comp_4","sr":1,"ks":{"o":{"a":0,"k":100,"ix":11},"r":{"a":0,"k":0,"ix":10},"p":{"a":0,"k":[632,472,0],"ix":2},"a":{"a":0,"k":[58.5,13.5,0],"ix":1},"s":{"a":0,"k":[100,100,100],"ix":6}},"ao":0,"w":117,"h":27,"ip":110,"op":120,"st":110,"bm":0},{"ddd":0,"ind":22,"ty":0,"nm":"2-骑士-火焰.png 合成 1","cl":"png","refId":"comp_4","sr":1,"ks":{"o":{"a":0,"k":100,"ix":11},"r":{"a":0,"k":0,"ix":10},"p":{"a":0,"k":[652,472,0],"ix":2},"a":{"a":0,"k":[58.5,13.5,0],"ix":1},"s":{"a":0,"k":[100,100,100],"ix":6}},"ao":0,"w":117,"h":27,"ip":100,"op":110,"st":100,"bm":0},{"ddd":0,"ind":23,"ty":0,"nm":"2-骑士-火焰.png 合成 1","cl":"png","refId":"comp_4","sr":1,"ks":{"o":{"a":0,"k":100,"ix":11},"r":{"a":0,"k":0,"ix":10},"p":{"a":0,"k":[632,472,0],"ix":2},"a":{"a":0,"k":[58.5,13.5,0],"ix":1},"s":{"a":0,"k":[100,100,100],"ix":6}},"ao":0,"w":117,"h":27,"ip":90,"op":100,"st":90,"bm":0},{"ddd":0,"ind":24,"ty":0,"nm":"2-骑士-火焰.png 合成 1","cl":"png","refId":"comp_4","sr":1,"ks":{"o":{"a":0,"k":100,"ix":11},"r":{"a":0,"k":0,"ix":10},"p":{"a":0,"k":[652,472,0],"ix":2},"a":{"a":0,"k":[58.5,13.5,0],"ix":1},"s":{"a":0,"k":[100,100,100],"ix":6}},"ao":0,"w":117,"h":27,"ip":80,"op":90,"st":80,"bm":0},{"ddd":0,"ind":25,"ty":0,"nm":"2-骑士-火焰.png 合成 1","cl":"png","refId":"comp_4","sr":1,"ks":{"o":{"a":0,"k":100,"ix":11},"r":{"a":0,"k":0,"ix":10},"p":{"a":0,"k":[632,472,0],"ix":2},"a":{"a":0,"k":[58.5,13.5,0],"ix":1},"s":{"a":0,"k":[100,100,100],"ix":6}},"ao":0,"w":117,"h":27,"ip":70,"op":80,"st":70,"bm":0},{"ddd":0,"ind":26,"ty":0,"nm":"2-骑士-火焰.png 合成 1","cl":"png","refId":"comp_4","sr":1,"ks":{"o":{"a":0,"k":100,"ix":11},"r":{"a":0,"k":0,"ix":10},"p":{"a":0,"k":[652,472,0],"ix":2},"a":{"a":0,"k":[58.5,13.5,0],"ix":1},"s":{"a":0,"k":[100,100,100],"ix":6}},"ao":0,"w":117,"h":27,"ip":60,"op":70,"st":60,"bm":0},{"ddd":0,"ind":27,"ty":0,"nm":"2-骑士-火焰.png 合成 1","cl":"png","refId":"comp_4","sr":1,"ks":{"o":{"a":0,"k":100,"ix":11},"r":{"a":0,"k":0,"ix":10},"p":{"a":0,"k":[632,472,0],"ix":2},"a":{"a":0,"k":[58.5,13.5,0],"ix":1},"s":{"a":0,"k":[100,100,100],"ix":6}},"ao":0,"w":117,"h":27,"ip":50,"op":60,"st":50,"bm":0},{"ddd":0,"ind":28,"ty":0,"nm":"2-骑士-火焰.png 合成 1","cl":"png","refId":"comp_4","sr":1,"ks":{"o":{"a":0,"k":100,"ix":11},"r":{"a":0,"k":0,"ix":10},"p":{"a":0,"k":[652,472,0],"ix":2},"a":{"a":0,"k":[58.5,13.5,0],"ix":1},"s":{"a":0,"k":[100,100,100],"ix":6}},"ao":0,"w":117,"h":27,"ip":40,"op":50,"st":40,"bm":0},{"ddd":0,"ind":29,"ty":0,"nm":"2-骑士-火焰.png 合成 1","cl":"png","refId":"comp_4","sr":1,"ks":{"o":{"a":0,"k":100,"ix":11},"r":{"a":0,"k":0,"ix":10},"p":{"a":0,"k":[632,472,0],"ix":2},"a":{"a":0,"k":[58.5,13.5,0],"ix":1},"s":{"a":0,"k":[100,100,100],"ix":6}},"ao":0,"w":117,"h":27,"ip":30,"op":40,"st":30,"bm":0},{"ddd":0,"ind":30,"ty":0,"nm":"2-骑士-火焰.png 合成 1","cl":"png","refId":"comp_4","sr":1,"ks":{"o":{"a":0,"k":100,"ix":11},"r":{"a":0,"k":0,"ix":10},"p":{"a":0,"k":[652,472,0],"ix":2},"a":{"a":0,"k":[58.5,13.5,0],"ix":1},"s":{"a":0,"k":[100,100,100],"ix":6}},"ao":0,"w":117,"h":27,"ip":20,"op":30,"st":20,"bm":0},{"ddd":0,"ind":31,"ty":0,"nm":"2-骑士-火焰.png 合成 1","cl":"png","refId":"comp_4","sr":1,"ks":{"o":{"a":0,"k":100,"ix":11},"r":{"a":0,"k":0,"ix":10},"p":{"a":0,"k":[632,472,0],"ix":2},"a":{"a":0,"k":[58.5,13.5,0],"ix":1},"s":{"a":0,"k":[100,100,100],"ix":6}},"ao":0,"w":117,"h":27,"ip":10,"op":20,"st":10,"bm":0},{"ddd":0,"ind":32,"ty":0,"nm":"2-骑士-火焰.png 合成 1","cl":"png","refId":"comp_4","sr":1,"ks":{"o":{"a":0,"k":100,"ix":11},"r":{"a":0,"k":0,"ix":10},"p":{"a":0,"k":[652,472,0],"ix":2},"a":{"a":0,"k":[58.5,13.5,0],"ix":1},"s":{"a":0,"k":[100,100,100],"ix":6}},"ao":0,"w":117,"h":27,"ip":0,"op":10,"st":0,"bm":0}]},{"id":"comp_4","layers":[{"ddd":0,"ind":1,"ty":2,"nm":"2-骑士-火焰.png","cl":"png","refId":"image_3","sr":1,"ks":{"o":{"a":0,"k":100,"ix":11},"r":{"a":0,"k":0,"ix":10},"p":{"a":0,"k":[58.5,13.5,0],"ix":2},"a":{"a":0,"k":[58.5,13.5,0],"ix":1},"s":{"a":0,"k":[100,100,100],"ix":6}},"ao":0,"ip":0,"op":480,"st":0,"bm":0}]},{"id":"comp_5","layers":[{"ddd":0,"ind":1,"ty":4,"nm":"形状图层 1","sr":1,"ks":{"o":{"a":0,"k":100,"ix":11},"r":{"a":1,"k":[{"i":{"x":[0.833],"y":[0.833]},"o":{"x":[0.167],"y":[0.167]},"n":["0p833_0p833_0p167_0p167"],"t":20,"s":[0],"e":[4320]},{"t":302}],"ix":10},"p":{"a":0,"k":[61.75,67.25,0],"ix":2},"a":{"a":0,"k":[213,-156.25,0],"ix":1},"s":{"a":0,"k":[100,100,100],"ix":6}},"ao":0,"shapes":[{"ty":"gr","it":[{"ty":"rc","d":1,"s":{"a":0,"k":[1.754,49.639],"ix":2},"p":{"a":0,"k":[0,0],"ix":3},"r":{"a":0,"k":0,"ix":4},"nm":"矩形路径 1","mn":"ADBE Vector Shape - Rect","hd":false},{"ty":"fl","c":{"a":0,"k":[0.910845588235,0.774067837584,0.368914824841,1],"ix":4},"o":{"a":0,"k":100,"ix":5},"r":1,"nm":"填充 1","mn":"ADBE Vector Graphic - Fill","hd":false},{"ty":"tr","p":{"a":0,"k":[213.119,-159.589],"ix":2},"a":{"a":0,"k":[0.025,-32.001],"ix":1},"s":{"a":0,"k":[106.164,99.709],"ix":3},"r":{"a":0,"k":0,"ix":6},"o":{"a":0,"k":100,"ix":7},"sk":{"a":0,"k":0,"ix":4},"sa":{"a":0,"k":0,"ix":5},"nm":"变换"}],"nm":"矩形 1","np":3,"cix":2,"ix":1,"mn":"ADBE Vector Group","hd":false}],"ip":0,"op":480,"st":0,"bm":0},{"ddd":0,"ind":2,"ty":2,"nm":"2-钟表.png","cl":"png","refId":"image_4","sr":1,"ks":{"o":{"a":0,"k":100,"ix":11},"r":{"a":0,"k":0,"ix":10},"p":{"a":0,"k":[64,101,0],"ix":2},"a":{"a":0,"k":[64,101,0],"ix":1},"s":{"a":0,"k":[100,100,100],"ix":6}},"ao":0,"ip":0,"op":480,"st":0,"bm":0}]}],"layers":[{"ddd":0,"ind":1,"ty":0,"nm":"2-骑士.png 合成 1","cl":"png","refId":"comp_0","sr":1,"ks":{"o":{"a":0,"k":100,"ix":11},"r":{"a":0,"k":0,"ix":10},"p":{"a":1,"k":[{"i":{"x":0.833,"y":0.833},"o":{"x":0.167,"y":0.167},"n":"0p833_0p833_0p167_0p167","t":0,"s":[363,939,0],"e":[363,944,0],"to":[0,0.83333331346512,0],"ti":[0,0,0]},{"i":{"x":0.833,"y":0.833},"o":{"x":0.167,"y":0.167},"n":"0p833_0p833_0p167_0p167","t":16,"s":[363,944,0],"e":[363,939,0],"to":[0,0,0],"ti":[0,0,0]},{"i":{"x":0.833,"y":0.833},"o":{"x":0.167,"y":0.167},"n":"0p833_0p833_0p167_0p167","t":28,"s":[363,939,0],"e":[363,944,0],"to":[0,0,0],"ti":[0,0,0]},{"i":{"x":0.833,"y":0.833},"o":{"x":0.167,"y":0.167},"n":"0p833_0p833_0p167_0p167","t":44,"s":[363,944,0],"e":[363,939,0],"to":[0,0,0],"ti":[0,0,0]},{"i":{"x":0.833,"y":0.833},"o":{"x":0.167,"y":0.167},"n":"0p833_0p833_0p167_0p167","t":56,"s":[363,939,0],"e":[363,944,0],"to":[0,0,0],"ti":[0,0,0]},{"i":{"x":0.833,"y":0.833},"o":{"x":0.167,"y":0.167},"n":"0p833_0p833_0p167_0p167","t":74,"s":[363,944,0],"e":[363,939,0],"to":[0,0,0],"ti":[0,0,0]},{"i":{"x":0.833,"y":0.833},"o":{"x":0.167,"y":0.167},"n":"0p833_0p833_0p167_0p167","t":86,"s":[363,939,0],"e":[363,944,0],"to":[0,0,0],"ti":[0,0,0]},{"i":{"x":0.833,"y":0.833},"o":{"x":0.167,"y":0.167},"n":"0p833_0p833_0p167_0p167","t":104,"s":[363,944,0],"e":[363,939,0],"to":[0,0,0],"ti":[0,0,0]},{"i":{"x":0.833,"y":0.833},"o":{"x":0.167,"y":0.167},"n":"0p833_0p833_0p167_0p167","t":116,"s":[363,939,0],"e":[363,944,0],"to":[0,0,0],"ti":[0,0,0]},{"i":{"x":0.833,"y":0.833},"o":{"x":0.167,"y":0.167},"n":"0p833_0p833_0p167_0p167","t":134,"s":[363,944,0],"e":[363,939,0],"to":[0,0,0],"ti":[0,0,0]},{"i":{"x":0.833,"y":0.833},"o":{"x":0.167,"y":0.167},"n":"0p833_0p833_0p167_0p167","t":146,"s":[363,939,0],"e":[363,944,0],"to":[0,0,0],"ti":[0,0,0]},{"i":{"x":0.833,"y":0.833},"o":{"x":0.167,"y":0.167},"n":"0p833_0p833_0p167_0p167","t":162,"s":[363,944,0],"e":[363,939,0],"to":[0,0,0],"ti":[0,0,0]},{"i":{"x":0.833,"y":0.833},"o":{"x":0.167,"y":0.167},"n":"0p833_0p833_0p167_0p167","t":174,"s":[363,939,0],"e":[363,944,0],"to":[0,0,0],"ti":[0,0,0]},{"i":{"x":0.833,"y":0.833},"o":{"x":0.167,"y":0.167},"n":"0p833_0p833_0p167_0p167","t":190,"s":[363,944,0],"e":[363,939,0],"to":[0,0,0],"ti":[0,0,0]},{"i":{"x":0.833,"y":0.833},"o":{"x":0.167,"y":0.167},"n":"0p833_0p833_0p167_0p167","t":202,"s":[363,939,0],"e":[363,944,0],"to":[0,0,0],"ti":[0,0,0]},{"i":{"x":0.833,"y":0.833},"o":{"x":0.167,"y":0.167},"n":"0p833_0p833_0p167_0p167","t":218,"s":[363,944,0],"e":[363,939,0],"to":[0,0,0],"ti":[0,0,0]},{"i":{"x":0.833,"y":0.833},"o":{"x":0.167,"y":0.167},"n":"0p833_0p833_0p167_0p167","t":230,"s":[363,939,0],"e":[363,944,0],"to":[0,0,0],"ti":[0,0,0]},{"i":{"x":0.833,"y":0.833},"o":{"x":0.167,"y":0.167},"n":"0p833_0p833_0p167_0p167","t":246,"s":[363,944,0],"e":[363,939,0],"to":[0,0,0],"ti":[0,0,0]},{"i":{"x":0.833,"y":0.833},"o":{"x":0.167,"y":0.167},"n":"0p833_0p833_0p167_0p167","t":258,"s":[363,939,0],"e":[363,944,0],"to":[0,0,0],"ti":[0,0,0]},{"i":{"x":0.833,"y":0.833},"o":{"x":0.167,"y":0.167},"n":"0p833_0p833_0p167_0p167","t":274,"s":[363,944,0],"e":[363,939,0],"to":[0,0,0],"ti":[0,0.83333331346512,0]},{"t":286}],"ix":2},"a":{"a":0,"k":[392,294,0],"ix":1},"s":{"a":0,"k":[108,108,100],"ix":6}},"ao":0,"w":784,"h":588,"ip":-20,"op":460,"st":-20,"bm":0},{"ddd":0,"ind":2,"ty":0,"nm":"2-钟表.png 合成 1","cl":"png","refId":"comp_5","sr":1,"ks":{"o":{"a":1,"k":[{"i":{"x":[0.833],"y":[0.833]},"o":{"x":[0.167],"y":[0.167]},"n":["0p833_0p833_0p167_0p167"],"t":4,"s":[0],"e":[100]},{"t":32}],"ix":11},"r":{"a":0,"k":0,"ix":10},"p":{"a":1,"k":[{"i":{"x":0.833,"y":0.833},"o":{"x":0.167,"y":0.167},"n":"0p833_0p833_0p167_0p167","t":4,"s":[586.25,478.562,0],"e":[586.53,538.741,0],"to":[0,6.74574327468872,0],"ti":[0,0,0]},{"i":{"x":0.833,"y":0.833},"o":{"x":0.167,"y":0.167},"n":"0p833_0p833_0p167_0p167","t":18,"s":[586.53,538.741,0],"e":[586.53,532.741,0],"to":[0,0,0],"ti":[0,0,0]},{"t":28}],"ix":2},"a":{"a":0,"k":[64,101,0],"ix":1},"s":{"a":0,"k":[100,100,100],"ix":6}},"ao":0,"w":128,"h":202,"ip":2,"op":482,"st":2,"bm":0}],"markers":[]}