{"v":"5.1.10","fr":48,"ip":0,"op":248,"w":750,"h":1334,"nm":"第四页","ddd":0,"assets":[{"id":"image_0","w":50,"h":115,"u":"images/","p":"img_0.png"},{"id":"image_1","w":220,"h":162,"u":"images/","p":"img_1.png"},{"id":"image_2","w":129,"h":59,"u":"images/","p":"img_2.png"},{"id":"image_3","w":117,"h":245,"u":"images/","p":"img_3.png"},{"id":"image_4","w":139,"h":92,"u":"images/","p":"img_4.png"},{"id":"image_5","w":170,"h":180,"u":"images/","p":"img_5.png"},{"id":"image_6","w":429,"h":270,"u":"images/","p":"img_6.png"},{"id":"image_7","w":249,"h":201,"u":"images/","p":"img_7.png"},{"id":"image_8","w":127,"h":147,"u":"images/","p":"img_8.png"},{"id":"image_9","w":281,"h":188,"u":"images/","p":"img_9.png"},{"id":"image_10","w":165,"h":171,"u":"images/","p":"img_10.png"},{"id":"image_11","w":237,"h":78,"u":"images/","p":"img_11.png"},{"id":"comp_0","layers":[{"ddd":0,"ind":1,"ty":0,"nm":"4-掉金币.png 合成 1","cl":"png","refId":"comp_1","sr":1,"ks":{"o":{"a":1,"k":[{"i":{"x":[0.833],"y":[0.833]},"o":{"x":[0.167],"y":[0.167]},"n":["0p833_0p833_0p167_0p167"],"t":35.6,"s":[0],"e":[100]},{"i":{"x":[0.833],"y":[0.833]},"o":{"x":[0.167],"y":[0.167]},"n":["0p833_0p833_0p167_0p167"],"t":46.4,"s":[100],"e":[0]},{"t":50}],"ix":11},"r":{"a":0,"k":0,"ix":10},"p":{"a":1,"k":[{"i":{"x":0.833,"y":0.833},"o":{"x":0.333,"y":0},"n":"0p833_0p833_0p333_0","t":32,"s":[25.25,85.75,0],"e":[25,286.75,0],"to":[0,0,0],"ti":[0,-8.45832252502441,0]},{"t":50}],"ix":2},"a":{"a":0,"k":[25.25,139.85,0],"ix":1},"s":{"a":0,"k":[100,100,100],"ix":6}},"ao":0,"ef":[{"ty":5,"nm":"定向模糊","np":4,"mn":"ADBE Motion Blur","ix":1,"en":1,"ef":[{"ty":0,"nm":"方向","mn":"ADBE Motion Blur-0001","ix":1,"v":{"a":0,"k":0,"ix":1}},{"ty":0,"nm":"模糊长度","mn":"ADBE Motion Blur-0002","ix":2,"v":{"a":1,"k":[{"i":{"x":[0.833],"y":[0.833]},"o":{"x":[0.167],"y":[0.167]},"n":["0p833_0p833_0p167_0p167"],"t":35.6,"s":[5.6],"e":[0]},{"t":41}],"ix":2}}]}],"w":50,"h":200,"ip":32,"op":58,"st":32,"bm":0},{"ddd":0,"ind":2,"ty":0,"nm":"4-掉金币.png 合成 1","cl":"png","refId":"comp_1","sr":1,"ks":{"o":{"a":1,"k":[{"i":{"x":[0.833],"y":[0.833]},"o":{"x":[0.167],"y":[0.167]},"n":["0p833_0p833_0p167_0p167"],"t":18,"s":[0],"e":[100]},{"i":{"x":[0.833],"y":[0.833]},"o":{"x":[0.167],"y":[0.167]},"n":["0p833_0p833_0p167_0p167"],"t":30,"s":[100],"e":[0]},{"t":34}],"ix":11},"r":{"a":0,"k":0,"ix":10},"p":{"a":1,"k":[{"i":{"x":0.833,"y":0.833},"o":{"x":0.333,"y":0},"n":"0p833_0p833_0p333_0","t":14,"s":[25.25,85.75,0],"e":[25,286.75,0],"to":[0,0,0],"ti":[0,-8.45832252502441,0]},{"t":34}],"ix":2},"a":{"a":0,"k":[25.25,139.85,0],"ix":1},"s":{"a":0,"k":[100,100,100],"ix":6}},"ao":0,"ef":[{"ty":5,"nm":"定向模糊","np":4,"mn":"ADBE Motion Blur","ix":1,"en":1,"ef":[{"ty":0,"nm":"方向","mn":"ADBE Motion Blur-0001","ix":1,"v":{"a":0,"k":0,"ix":1}},{"ty":0,"nm":"模糊长度","mn":"ADBE Motion Blur-0002","ix":2,"v":{"a":1,"k":[{"i":{"x":[0.833],"y":[0.833]},"o":{"x":[0.167],"y":[0.167]},"n":["0p833_0p833_0p167_0p167"],"t":18,"s":[5.6],"e":[0]},{"t":24}],"ix":2}}]}],"w":50,"h":200,"ip":14,"op":40,"st":14,"bm":0},{"ddd":0,"ind":3,"ty":0,"nm":"4-掉金币.png 合成 1","cl":"png","refId":"comp_1","sr":1,"ks":{"o":{"a":1,"k":[{"i":{"x":[0.833],"y":[0.833]},"o":{"x":[0.167],"y":[0.167]},"n":["0p833_0p833_0p167_0p167"],"t":4,"s":[0],"e":[100]},{"i":{"x":[0.833],"y":[0.833]},"o":{"x":[0.167],"y":[0.167]},"n":["0p833_0p833_0p167_0p167"],"t":16,"s":[100],"e":[0]},{"t":20}],"ix":11},"r":{"a":0,"k":0,"ix":10},"p":{"a":1,"k":[{"i":{"x":0.833,"y":0.833},"o":{"x":0.333,"y":0},"n":"0p833_0p833_0p333_0","t":0,"s":[25.25,85.75,0],"e":[25,286.75,0],"to":[0,0,0],"ti":[0,-8.45832252502441,0]},{"t":20}],"ix":2},"a":{"a":0,"k":[25.25,139.85,0],"ix":1},"s":{"a":0,"k":[100,100,100],"ix":6}},"ao":0,"ef":[{"ty":5,"nm":"定向模糊","np":4,"mn":"ADBE Motion Blur","ix":1,"en":1,"ef":[{"ty":0,"nm":"方向","mn":"ADBE Motion Blur-0001","ix":1,"v":{"a":0,"k":0,"ix":1}},{"ty":0,"nm":"模糊长度","mn":"ADBE Motion Blur-0002","ix":2,"v":{"a":1,"k":[{"i":{"x":[0.833],"y":[0.833]},"o":{"x":[0.167],"y":[0.167]},"n":["0p833_0p833_0p167_0p167"],"t":4,"s":[5.6],"e":[0]},{"t":10}],"ix":2}}]}],"w":50,"h":200,"ip":0,"op":26,"st":0,"bm":0}]},{"id":"comp_1","layers":[{"ddd":0,"ind":1,"ty":2,"nm":"4-掉金币.png","cl":"png","refId":"image_0","sr":1,"ks":{"o":{"a":0,"k":100,"ix":11},"r":{"a":0,"k":0,"ix":10},"p":{"a":0,"k":[25,58.75,0],"ix":2},"a":{"a":0,"k":[25,57.5,0],"ix":1},"s":{"a":0,"k":[100,100,100],"ix":6}},"ao":0,"ef":[{"ty":5,"nm":"CC Radial Fast Blur","np":5,"mn":"CC Radial Fast Blur","ix":1,"en":1,"ef":[{"ty":3,"nm":"Center","mn":"CC Radial Fast Blur-0001","ix":1,"v":{"a":0,"k":[48,254.643],"ix":1}},{"ty":0,"nm":"Amount","mn":"CC Radial Fast Blur-0002","ix":2,"v":{"a":0,"k":0,"ix":2}},{"ty":7,"nm":"Zoom","mn":"CC Radial Fast Blur-0003","ix":3,"v":{"a":0,"k":1,"ix":3}}]}],"ip":0,"op":26,"st":0,"bm":0}]},{"id":"comp_2","layers":[{"ddd":0,"ind":1,"ty":2,"nm":"4-存钱罐.png","cl":"png","refId":"image_1","sr":1,"ks":{"o":{"a":0,"k":100,"ix":11},"r":{"a":0,"k":0,"ix":10},"p":{"a":0,"k":[110,89.5,0],"ix":2},"a":{"a":0,"k":[110,81,0],"ix":1},"s":{"a":0,"k":[100,100,100],"ix":6}},"ao":0,"ip":0,"op":480,"st":0,"bm":0}]},{"id":"comp_3","layers":[{"ddd":0,"ind":1,"ty":2,"nm":"4-金币1.png","cl":"png","refId":"image_2","sr":1,"ks":{"o":{"a":0,"k":100,"ix":11},"r":{"a":0,"k":0,"ix":10},"p":{"a":0,"k":[64.5,29.5,0],"ix":2},"a":{"a":0,"k":[64.5,29.5,0],"ix":1},"s":{"a":0,"k":[100,100,100],"ix":6}},"ao":0,"ip":0,"op":480,"st":0,"bm":0}]},{"id":"comp_4","layers":[{"ddd":0,"ind":1,"ty":2,"nm":"4-888.png","cl":"png","refId":"image_3","sr":1,"ks":{"o":{"a":0,"k":100,"ix":11},"r":{"a":0,"k":0,"ix":10},"p":{"a":0,"k":[58.5,136.5,0],"ix":2},"a":{"a":0,"k":[58.5,122.5,0],"ix":1},"s":{"a":0,"k":[100,100,100],"ix":6}},"ao":0,"ip":0,"op":480,"st":0,"bm":0}]},{"id":"comp_5","layers":[{"ddd":0,"ind":1,"ty":0,"nm":"4-200","refId":"comp_6","sr":1,"ks":{"o":{"a":0,"k":100,"ix":11},"r":{"a":0,"k":0,"ix":10},"p":{"a":1,"k":[{"i":{"x":0.833,"y":0.833},"o":{"x":0.167,"y":0.167},"n":"0p833_0p833_0p167_0p167","t":94,"s":[485.495,878.297,0],"e":[504.495,878.297,0],"to":[3.16666674613953,0,0],"ti":[-0.5,0,0]},{"i":{"x":0.833,"y":0.833},"o":{"x":0.167,"y":0.167},"n":"0p833_0p833_0p167_0p167","t":106,"s":[504.495,878.297,0],"e":[488.495,878.297,0],"to":[0.5,0,0],"ti":[2.66666674613953,0,0]},{"t":114}],"ix":2},"a":{"a":0,"k":[0.981,46.72,0],"ix":1},"s":{"a":1,"k":[{"i":{"x":[0.833,0.833,0.833],"y":[0.833,0.833,0.833]},"o":{"x":[0.167,0.167,0.167],"y":[0.167,0.167,0.167]},"n":["0p833_0p833_0p167_0p167","0p833_0p833_0p167_0p167","0p833_0p833_0p167_0p167"],"t":94,"s":[100,100,100],"e":[110,110,100]},{"i":{"x":[0.833,0.833,0.833],"y":[0.833,0.833,0.833]},"o":{"x":[0.167,0.167,0.167],"y":[0.167,0.167,0.167]},"n":["0p833_0p833_0p167_0p167","0p833_0p833_0p167_0p167","0p833_0p833_0p167_0p167"],"t":106,"s":[110,110,100],"e":[100,100,100]},{"t":114}],"ix":6}},"ao":0,"w":139,"h":92,"ip":222,"op":372,"st":68,"bm":0},{"ddd":0,"ind":2,"ty":0,"nm":"4-200","refId":"comp_6","sr":1,"ks":{"o":{"a":0,"k":100,"ix":11},"r":{"a":0,"k":0,"ix":10},"p":{"a":1,"k":[{"i":{"x":0.833,"y":0.833},"o":{"x":0.167,"y":0.167},"n":"0p833_0p833_0p167_0p167","t":28,"s":[485.495,878.297,0],"e":[504.495,878.297,0],"to":[3.16666674613953,0,0],"ti":[-0.5,0,0]},{"i":{"x":0.833,"y":0.833},"o":{"x":0.167,"y":0.167},"n":"0p833_0p833_0p167_0p167","t":40,"s":[504.495,878.297,0],"e":[488.495,878.297,0],"to":[0.5,0,0],"ti":[2.66666674613953,0,0]},{"t":48}],"ix":2},"a":{"a":0,"k":[0.981,46.72,0],"ix":1},"s":{"a":1,"k":[{"i":{"x":[0.833,0.833,0.833],"y":[0.833,0.833,0.833]},"o":{"x":[0.167,0.167,0.167],"y":[0.167,0.167,0.167]},"n":["0p833_0p833_0p167_0p167","0p833_0p833_0p167_0p167","0p833_0p833_0p167_0p167"],"t":28,"s":[100,100,100],"e":[110,110,100]},{"i":{"x":[0.833,0.833,0.833],"y":[0.833,0.833,0.833]},"o":{"x":[0.167,0.167,0.167],"y":[0.167,0.167,0.167]},"n":["0p833_0p833_0p167_0p167","0p833_0p833_0p167_0p167","0p833_0p833_0p167_0p167"],"t":40,"s":[110,110,100],"e":[100,100,100]},{"t":48}],"ix":6}},"ao":0,"w":139,"h":92,"ip":2,"op":306,"st":2,"bm":0},{"ddd":0,"ind":3,"ty":0,"nm":"4-盒子盖子","refId":"comp_7","sr":1,"ks":{"o":{"a":0,"k":100,"ix":11},"r":{"a":0,"k":0,"ix":10},"p":{"a":0,"k":[240,913,0],"ix":2},"a":{"a":0,"k":[85,90,0],"ix":1},"s":{"a":0,"k":[100,100,100],"ix":6}},"ao":0,"w":170,"h":180,"ip":50,"op":354,"st":50,"bm":0},{"ddd":0,"ind":4,"ty":0,"nm":"4-盒子.png 合成 1","cl":"png","refId":"comp_8","sr":1,"ks":{"o":{"a":0,"k":100,"ix":11},"r":{"a":0,"k":0,"ix":10},"p":{"a":0,"k":[373,1123,0],"ix":2},"a":{"a":0,"k":[306.5,480,0],"ix":1},"s":{"a":0,"k":[100,100,100],"ix":6}},"ao":0,"w":553,"h":508,"ip":50,"op":530,"st":50,"bm":0},{"ddd":0,"ind":5,"ty":0,"nm":"4-券1","refId":"comp_9","sr":1,"ks":{"o":{"a":0,"k":100,"ix":11},"r":{"a":0,"k":0,"ix":10},"p":{"a":1,"k":[{"i":{"x":0.833,"y":0.833},"o":{"x":0.167,"y":0.167},"n":"0p833_0p833_0p167_0p167","t":26,"s":[376,880,0],"e":[378,880,0],"to":[0.33333334326744,0,0],"ti":[-0.33333334326744,-0.33333334326744,0]},{"i":{"x":0.833,"y":0.833},"o":{"x":0.167,"y":0.167},"n":"0p833_0p833_0p167_0p167","t":38,"s":[378,880,0],"e":[378,882,0],"to":[0.33333334326744,0.33333334326744,0],"ti":[0,-0.33333334326744,0]},{"t":46}],"ix":2},"a":{"a":0,"k":[134.5,100.5,0],"ix":1},"s":{"a":1,"k":[{"i":{"x":[0.833,0.833,0.833],"y":[0.833,0.833,0.833]},"o":{"x":[0.167,0.167,0.167],"y":[0.167,0.167,0.167]},"n":["0p833_0p833_0p167_0p167","0p833_0p833_0p167_0p167","0p833_0p833_0p167_0p167"],"t":26,"s":[100,100,100],"e":[116,116,100]},{"i":{"x":[0.833,0.833,0.833],"y":[0.833,0.833,0.833]},"o":{"x":[0.167,0.167,0.167],"y":[0.167,0.167,0.167]},"n":["0p833_0p833_0p167_0p167","0p833_0p833_0p167_0p167","0p833_0p833_0p167_0p167"],"t":38,"s":[116,116,100],"e":[100,100,100]},{"t":46}],"ix":6}},"ao":0,"w":269,"h":201,"ip":0,"op":480,"st":0,"bm":0},{"ddd":0,"ind":6,"ty":0,"nm":"4-券2","refId":"comp_10","sr":1,"ks":{"o":{"a":0,"k":100,"ix":11},"r":{"a":0,"k":0,"ix":10},"p":{"a":1,"k":[{"i":{"x":0.833,"y":0.833},"o":{"x":0.167,"y":0.167},"n":"0p833_0p833_0p167_0p167","t":26,"s":[330,801,0],"e":[324,801,0],"to":[-1,0,0],"ti":[-0.33333334326744,-0.33333334326744,0]},{"i":{"x":0.833,"y":0.833},"o":{"x":0.167,"y":0.167},"n":"0p833_0p833_0p167_0p167","t":38,"s":[324,801,0],"e":[332,803,0],"to":[0.33333334326744,0.33333334326744,0],"ti":[-1.33333337306976,-0.33333334326744,0]},{"t":46}],"ix":2},"a":{"a":0,"k":[63.5,73.5,0],"ix":1},"s":{"a":1,"k":[{"i":{"x":[0.833,0.833,0.833],"y":[0.833,0.833,0.833]},"o":{"x":[0.167,0.167,0.167],"y":[0.167,0.167,0.167]},"n":["0p833_0p833_0p167_0p167","0p833_0p833_0p167_0p167","0p833_0p833_0p167_0p167"],"t":26,"s":[100,100,100],"e":[106.29,106.29,100]},{"i":{"x":[0.833,0.833,0.833],"y":[0.833,0.833,0.833]},"o":{"x":[0.167,0.167,0.167],"y":[0.167,0.167,0.167]},"n":["0p833_0p833_0p167_0p167","0p833_0p833_0p167_0p167","0p833_0p833_0p167_0p167"],"t":38,"s":[106.29,106.29,100],"e":[100,100,100]},{"t":46}],"ix":6}},"ao":0,"w":127,"h":147,"ip":0,"op":480,"st":0,"bm":0},{"ddd":0,"ind":7,"ty":0,"nm":"4-券3","refId":"comp_11","sr":1,"ks":{"o":{"a":0,"k":100,"ix":11},"r":{"a":0,"k":0,"ix":10},"p":{"a":1,"k":[{"i":{"x":0.833,"y":0.833},"o":{"x":0.167,"y":0.167},"n":"0p833_0p833_0p167_0p167","t":26,"s":[467,850,0],"e":[469,850,0],"to":[0.33333334326744,0,0],"ti":[-0.33333334326744,-0.33333334326744,0]},{"i":{"x":0.833,"y":0.833},"o":{"x":0.167,"y":0.167},"n":"0p833_0p833_0p167_0p167","t":38,"s":[469,850,0],"e":[469,852,0],"to":[0.33333334326744,0.33333334326744,0],"ti":[0,-0.33333334326744,0]},{"t":46}],"ix":2},"a":{"a":0,"k":[140.5,94,0],"ix":1},"s":{"a":1,"k":[{"i":{"x":[0.833,0.833,0.833],"y":[0.833,0.833,0.833]},"o":{"x":[0.167,0.167,0.167],"y":[0.167,0.167,0.167]},"n":["0p833_0p833_0p167_0p167","0p833_0p833_0p167_0p167","0p833_0p833_0p167_0p167"],"t":26,"s":[100,100,100],"e":[106.29,106.29,100]},{"i":{"x":[0.833,0.833,0.833],"y":[0.833,0.833,0.833]},"o":{"x":[0.167,0.167,0.167],"y":[0.167,0.167,0.167]},"n":["0p833_0p833_0p167_0p167","0p833_0p833_0p167_0p167","0p833_0p833_0p167_0p167"],"t":38,"s":[106.29,106.29,100],"e":[100,100,100]},{"t":46}],"ix":6}},"ao":0,"w":281,"h":188,"ip":0,"op":480,"st":0,"bm":0},{"ddd":0,"ind":8,"ty":0,"nm":"4-带子1","refId":"comp_12","sr":1,"ks":{"o":{"a":0,"k":100,"ix":11},"r":{"a":1,"k":[{"i":{"x":[0.833],"y":[0.833]},"o":{"x":[0.167],"y":[0.167]},"n":["0p833_0p833_0p167_0p167"],"t":88,"s":[0],"e":[1]},{"i":{"x":[0.833],"y":[0.833]},"o":{"x":[0.167],"y":[0.167]},"n":["0p833_0p833_0p167_0p167"],"t":108,"s":[1],"e":[0]},{"i":{"x":[0.833],"y":[0.833]},"o":{"x":[0.167],"y":[0.167]},"n":["0p833_0p833_0p167_0p167"],"t":128,"s":[0],"e":[1]},{"i":{"x":[0.833],"y":[0.833]},"o":{"x":[0.167],"y":[0.167]},"n":["0p833_0p833_0p167_0p167"],"t":148,"s":[1],"e":[0]},{"i":{"x":[0.833],"y":[0.833]},"o":{"x":[0.167],"y":[0.167]},"n":["0p833_0p833_0p167_0p167"],"t":168,"s":[0],"e":[1]},{"i":{"x":[0.833],"y":[0.833]},"o":{"x":[0.167],"y":[0.167]},"n":["0p833_0p833_0p167_0p167"],"t":190,"s":[1],"e":[0]},{"i":{"x":[0.833],"y":[0.833]},"o":{"x":[0.167],"y":[0.167]},"n":["0p833_0p833_0p167_0p167"],"t":210,"s":[0],"e":[1]},{"i":{"x":[0.833],"y":[0.833]},"o":{"x":[0.167],"y":[0.167]},"n":["0p833_0p833_0p167_0p167"],"t":230,"s":[1],"e":[0]},{"i":{"x":[0.833],"y":[0.833]},"o":{"x":[0.167],"y":[0.167]},"n":["0p833_0p833_0p167_0p167"],"t":250,"s":[0],"e":[1]},{"i":{"x":[0.833],"y":[0.833]},"o":{"x":[0.167],"y":[0.167]},"n":["0p833_0p833_0p167_0p167"],"t":270,"s":[1],"e":[0]},{"i":{"x":[0.833],"y":[0.833]},"o":{"x":[0.167],"y":[0.167]},"n":["0p833_0p833_0p167_0p167"],"t":290,"s":[0],"e":[1]},{"i":{"x":[0.833],"y":[0.833]},"o":{"x":[0.167],"y":[0.167]},"n":["0p833_0p833_0p167_0p167"],"t":312,"s":[1],"e":[0]},{"t":332}],"ix":10},"p":{"a":0,"k":[480,806,0],"ix":2},"a":{"a":0,"k":[13.5,172.5,0],"ix":1},"s":{"a":0,"k":[100,100,100],"ix":6}},"ao":0,"w":165,"h":171,"ip":50,"op":354,"st":50,"bm":0},{"ddd":0,"ind":9,"ty":0,"nm":"4-带子2","refId":"comp_13","sr":1,"ks":{"o":{"a":0,"k":100,"ix":11},"r":{"a":1,"k":[{"i":{"x":[0.833],"y":[0.833]},"o":{"x":[0.167],"y":[0.167]},"n":["0p833_0p833_0p167_0p167"],"t":94,"s":[0],"e":[1.2]},{"i":{"x":[0.833],"y":[0.833]},"o":{"x":[0.167],"y":[0.167]},"n":["0p833_0p833_0p167_0p167"],"t":114,"s":[1.2],"e":[0]},{"i":{"x":[0.833],"y":[0.833]},"o":{"x":[0.167],"y":[0.167]},"n":["0p833_0p833_0p167_0p167"],"t":134,"s":[0],"e":[1.2]},{"i":{"x":[0.833],"y":[0.833]},"o":{"x":[0.167],"y":[0.167]},"n":["0p833_0p833_0p167_0p167"],"t":154,"s":[1.2],"e":[0]},{"i":{"x":[0.833],"y":[0.833]},"o":{"x":[0.167],"y":[0.167]},"n":["0p833_0p833_0p167_0p167"],"t":174,"s":[0],"e":[1.2]},{"i":{"x":[0.833],"y":[0.833]},"o":{"x":[0.167],"y":[0.167]},"n":["0p833_0p833_0p167_0p167"],"t":196,"s":[1.2],"e":[0]},{"i":{"x":[0.833],"y":[0.833]},"o":{"x":[0.167],"y":[0.167]},"n":["0p833_0p833_0p167_0p167"],"t":216,"s":[0],"e":[1.2]},{"i":{"x":[0.833],"y":[0.833]},"o":{"x":[0.167],"y":[0.167]},"n":["0p833_0p833_0p167_0p167"],"t":238,"s":[1.2],"e":[0]},{"i":{"x":[0.833],"y":[0.833]},"o":{"x":[0.167],"y":[0.167]},"n":["0p833_0p833_0p167_0p167"],"t":258,"s":[0],"e":[1.2]},{"i":{"x":[0.833],"y":[0.833]},"o":{"x":[0.167],"y":[0.167]},"n":["0p833_0p833_0p167_0p167"],"t":278,"s":[1.2],"e":[0]},{"i":{"x":[0.833],"y":[0.833]},"o":{"x":[0.167],"y":[0.167]},"n":["0p833_0p833_0p167_0p167"],"t":298,"s":[0],"e":[1.2]},{"i":{"x":[0.833],"y":[0.833]},"o":{"x":[0.167],"y":[0.167]},"n":["0p833_0p833_0p167_0p167"],"t":318,"s":[1.2],"e":[0]},{"t":338}],"ix":10},"p":{"a":0,"k":[250,829,0],"ix":2},"a":{"a":0,"k":[180.549,0.976,0],"ix":1},"s":{"a":0,"k":[100,100,100],"ix":6}},"ao":0,"w":237,"h":78,"ip":50,"op":354,"st":50,"bm":0}]},{"id":"comp_6","layers":[{"ddd":0,"ind":1,"ty":2,"nm":"4-200.png","cl":"png","refId":"image_4","sr":1,"ks":{"o":{"a":0,"k":100,"ix":11},"r":{"a":0,"k":0,"ix":10},"p":{"a":0,"k":[69.5,46,0],"ix":2},"a":{"a":0,"k":[69.5,46,0],"ix":1},"s":{"a":0,"k":[100,100,100],"ix":6}},"ao":0,"ip":0,"op":304,"st":0,"bm":0}]},{"id":"comp_7","layers":[{"ddd":0,"ind":1,"ty":2,"nm":"4-盒子盖子.png","cl":"png","refId":"image_5","sr":1,"ks":{"o":{"a":0,"k":100,"ix":11},"r":{"a":0,"k":0,"ix":10},"p":{"a":0,"k":[85,90,0],"ix":2},"a":{"a":0,"k":[85,90,0],"ix":1},"s":{"a":0,"k":[100,100,100],"ix":6}},"ao":0,"ip":0,"op":304,"st":0,"bm":0}]},{"id":"comp_8","layers":[{"ddd":0,"ind":1,"ty":2,"nm":"4-盒子.png","cl":"png","refId":"image_6","sr":1,"ks":{"o":{"a":0,"k":100,"ix":11},"r":{"a":0,"k":0,"ix":10},"p":{"a":0,"k":[310.5,352,0],"ix":2},"a":{"a":0,"k":[214.5,135,0],"ix":1},"s":{"a":0,"k":[100,100,100],"ix":6}},"ao":0,"ip":0,"op":480,"st":0,"bm":0}]},{"id":"comp_9","layers":[{"ddd":0,"ind":1,"ty":2,"nm":"4-券1.png","cl":"png","refId":"image_7","sr":1,"ks":{"o":{"a":0,"k":100,"ix":11},"r":{"a":0,"k":0,"ix":10},"p":{"a":0,"k":[134.5,100.5,0],"ix":2},"a":{"a":0,"k":[124.5,100.5,0],"ix":1},"s":{"a":0,"k":[100,100,100],"ix":6}},"ao":0,"ip":0,"op":480,"st":0,"bm":0}]},{"id":"comp_10","layers":[{"ddd":0,"ind":1,"ty":2,"nm":"4-券2.png","cl":"png","refId":"image_8","sr":1,"ks":{"o":{"a":0,"k":100,"ix":11},"r":{"a":0,"k":0,"ix":10},"p":{"a":0,"k":[63.5,73.5,0],"ix":2},"a":{"a":0,"k":[63.5,73.5,0],"ix":1},"s":{"a":0,"k":[100,100,100],"ix":6}},"ao":0,"ip":0,"op":480,"st":0,"bm":0}]},{"id":"comp_11","layers":[{"ddd":0,"ind":1,"ty":2,"nm":"4-券3.png","cl":"png","refId":"image_9","sr":1,"ks":{"o":{"a":0,"k":100,"ix":11},"r":{"a":0,"k":0,"ix":10},"p":{"a":0,"k":[140.5,94,0],"ix":2},"a":{"a":0,"k":[140.5,94,0],"ix":1},"s":{"a":0,"k":[100,100,100],"ix":6}},"ao":0,"ip":0,"op":480,"st":0,"bm":0}]},{"id":"comp_12","layers":[{"ddd":0,"ind":1,"ty":2,"nm":"4-带子1.png","cl":"png","refId":"image_10","sr":1,"ks":{"o":{"a":0,"k":100,"ix":11},"r":{"a":0,"k":0,"ix":10},"p":{"a":0,"k":[82.5,85.5,0],"ix":2},"a":{"a":0,"k":[82.5,85.5,0],"ix":1},"s":{"a":0,"k":[100,100,100],"ix":6}},"ao":0,"ip":0,"op":304,"st":0,"bm":0}]},{"id":"comp_13","layers":[{"ddd":0,"ind":1,"ty":2,"nm":"4-带子2.png","cl":"png","refId":"image_11","sr":1,"ks":{"o":{"a":0,"k":100,"ix":11},"r":{"a":0,"k":0,"ix":10},"p":{"a":0,"k":[118.5,39,0],"ix":2},"a":{"a":0,"k":[118.5,39,0],"ix":1},"s":{"a":0,"k":[100,100,100],"ix":6}},"ao":0,"ip":0,"op":304,"st":0,"bm":0}]}],"layers":[{"ddd":0,"ind":1,"ty":0,"nm":"4-掉金币","refId":"comp_0","sr":1,"ks":{"o":{"a":0,"k":100,"ix":11},"r":{"a":0,"k":0,"ix":10},"p":{"a":0,"k":[560.5,915.25,0],"ix":2},"a":{"a":0,"k":[25,100,0],"ix":1},"s":{"a":0,"k":[100,100,100],"ix":6}},"ao":0,"w":50,"h":200,"ip":154,"op":214,"st":154,"bm":0},{"ddd":0,"ind":2,"ty":0,"nm":"4-掉金币","refId":"comp_0","sr":1,"ks":{"o":{"a":0,"k":100,"ix":11},"r":{"a":0,"k":0,"ix":10},"p":{"a":0,"k":[560.5,915.25,0],"ix":2},"a":{"a":0,"k":[25,100,0],"ix":1},"s":{"a":0,"k":[100,100,100],"ix":6}},"ao":0,"w":50,"h":200,"ip":67,"op":127,"st":67,"bm":0},{"ddd":0,"ind":3,"ty":0,"nm":"4-存钱罐.png 合成 1","cl":"png","parent":8,"refId":"comp_2","sr":1,"ks":{"o":{"a":0,"k":100,"ix":11},"r":{"a":0,"k":0,"ix":10},"p":{"a":0,"k":[557,1109,0],"ix":2},"a":{"a":0,"k":[108,123.5,0],"ix":1},"s":{"a":1,"k":[{"i":{"x":[0.833,0.833,0.833],"y":[0.833,0.833,0.833]},"o":{"x":[0.167,0.167,0.167],"y":[0.167,0.167,0.167]},"n":["0p833_0p833_0p167_0p167","0p833_0p833_0p167_0p167","0p833_0p833_0p167_0p167"],"t":72,"s":[100,100,100],"e":[107,107,100]},{"i":{"x":[0.833,0.833,0.833],"y":[0.833,0.833,0.833]},"o":{"x":[0.167,0.167,0.167],"y":[0.167,0.167,0.167]},"n":["0p833_0p833_0p167_0p167","0p833_0p833_0p167_0p167","0p833_0p833_0p167_0p167"],"t":78,"s":[107,107,100],"e":[107,107,100]},{"i":{"x":[0.833,0.833,0.833],"y":[0.833,0.833,0.833]},"o":{"x":[0.167,0.167,0.167],"y":[0.167,0.167,0.167]},"n":["0p833_0p833_0p167_0p167","0p833_0p833_0p167_0p167","0p833_0p833_0p167_0p167"],"t":90,"s":[107,107,100],"e":[100,100,100]},{"i":{"x":[0.833,0.833,0.833],"y":[0.833,0.833,0.833]},"o":{"x":[0.167,0.167,0.167],"y":[0.167,0.167,0.167]},"n":["0p833_0p833_0p167_0p167","0p833_0p833_0p167_0p167","0p833_0p833_0p167_0p167"],"t":100,"s":[100,100,100],"e":[100,100,100]},{"i":{"x":[0.833,0.833,0.833],"y":[0.833,0.833,0.833]},"o":{"x":[0.167,0.167,0.167],"y":[0.167,0.167,0.167]},"n":["0p833_0p833_0p167_0p167","0p833_0p833_0p167_0p167","0p833_0p833_0p167_0p167"],"t":160,"s":[100,100,100],"e":[107,107,100]},{"i":{"x":[0.833,0.833,0.833],"y":[0.833,0.833,0.833]},"o":{"x":[0.167,0.167,0.167],"y":[0.167,0.167,0.167]},"n":["0p833_0p833_0p167_0p167","0p833_0p833_0p167_0p167","0p833_0p833_0p167_0p167"],"t":166,"s":[107,107,100],"e":[107,107,100]},{"i":{"x":[0.833,0.833,0.833],"y":[0.833,0.833,0.833]},"o":{"x":[0.167,0.167,0.167],"y":[0.167,0.167,0.167]},"n":["0p833_0p833_0p167_0p167","0p833_0p833_0p167_0p167","0p833_0p833_0p167_0p167"],"t":178,"s":[107,107,100],"e":[100,100,100]},{"t":188}],"ix":6}},"ao":0,"w":220,"h":179,"ip":-28,"op":452,"st":-28,"bm":0},{"ddd":0,"ind":4,"ty":0,"nm":"4-金币1.png 合成 1","cl":"png","parent":8,"refId":"comp_3","sr":1,"ks":{"o":{"a":0,"k":100,"ix":11},"r":{"a":0,"k":0,"ix":10},"p":{"a":0,"k":[205,1119,0],"ix":2},"a":{"a":0,"k":[64.5,29.5,0],"ix":1},"s":{"a":0,"k":[100,100,100],"ix":6}},"ao":0,"w":129,"h":59,"ip":-26,"op":454,"st":-26,"bm":0},{"ddd":0,"ind":5,"ty":0,"nm":"4-888.png 合成 1","cl":"png","refId":"comp_4","sr":1,"ks":{"o":{"a":1,"k":[{"i":{"x":[0.833],"y":[0.833]},"o":{"x":[0.167],"y":[0.167]},"n":["0p833_0p833_0p167_0p167"],"t":186.285,"s":[0],"e":[100]},{"i":{"x":[0.833],"y":[0.833]},"o":{"x":[0.167],"y":[0.167]},"n":["0p833_0p833_0p167_0p167"],"t":194.5,"s":[100],"e":[100]},{"i":{"x":[0.833],"y":[0.833]},"o":{"x":[0.167],"y":[0.167]},"n":["0p833_0p833_0p167_0p167"],"t":210,"s":[100],"e":[0]},{"t":218.212890625}],"ix":11},"r":{"a":0,"k":0,"ix":10},"p":{"a":1,"k":[{"i":{"x":0.833,"y":0.833},"o":{"x":0.167,"y":0.167},"n":"0p833_0p833_0p167_0p167","t":183,"s":[552,359,0],"e":[552,457.51,0],"to":[0,2.20669984817505,0],"ti":[0,-27.6006526947021,0]},{"i":{"x":0.833,"y":0.833},"o":{"x":0.167,"y":0.167},"n":"0p833_0p833_0p167_0p167","t":206,"s":[552,457.51,0],"e":[552,563.707,0],"to":[0,23.7111072540283,0],"ti":[0,-4.5879373550415,0]},{"t":229}],"ix":2},"a":{"a":0,"k":[58.5,136.5,0],"ix":1},"s":{"a":0,"k":[100,100,100],"ix":6}},"ao":0,"ef":[{"ty":5,"nm":"CC Radial Fast Blur","np":5,"mn":"CC Radial Fast Blur","ix":1,"en":1,"ef":[{"ty":3,"nm":"Center","mn":"CC Radial Fast Blur-0001","ix":1,"v":{"a":0,"k":[58.5,136.5],"ix":1}},{"ty":0,"nm":"Amount","mn":"CC Radial Fast Blur-0002","ix":2,"v":{"a":1,"k":[{"i":{"x":[0.833],"y":[0.833]},"o":{"x":[0.167],"y":[0.167]},"n":["0p833_0p833_0p167_0p167"],"t":183,"s":[0],"e":[13]},{"i":{"x":[0.833],"y":[0.833]},"o":{"x":[0.167],"y":[0.167]},"n":["0p833_0p833_0p167_0p167"],"t":201.072,"s":[13],"e":[0]},{"t":220.78515625}],"ix":2}},{"ty":7,"nm":"Zoom","mn":"CC Radial Fast Blur-0003","ix":3,"v":{"a":0,"k":1,"ix":3}}]}],"w":117,"h":273,"ip":182,"op":234,"st":157,"bm":0},{"ddd":0,"ind":6,"ty":0,"nm":"4-888.png 合成 1","cl":"png","refId":"comp_4","sr":1,"ks":{"o":{"a":1,"k":[{"i":{"x":[0.833],"y":[0.833]},"o":{"x":[0.167],"y":[0.167]},"n":["0p833_0p833_0p167_0p167"],"t":105.285,"s":[0],"e":[100]},{"i":{"x":[0.833],"y":[0.833]},"o":{"x":[0.167],"y":[0.167]},"n":["0p833_0p833_0p167_0p167"],"t":113.5,"s":[100],"e":[100]},{"i":{"x":[0.833],"y":[0.833]},"o":{"x":[0.167],"y":[0.167]},"n":["0p833_0p833_0p167_0p167"],"t":129,"s":[100],"e":[0]},{"t":137.212890625}],"ix":11},"r":{"a":0,"k":0,"ix":10},"p":{"a":1,"k":[{"i":{"x":0.833,"y":0.833},"o":{"x":0.167,"y":0.167},"n":"0p833_0p833_0p167_0p167","t":102,"s":[552,359,0],"e":[552,457.51,0],"to":[0,2.20669984817505,0],"ti":[0,-27.6006526947021,0]},{"i":{"x":0.833,"y":0.833},"o":{"x":0.167,"y":0.167},"n":"0p833_0p833_0p167_0p167","t":125,"s":[552,457.51,0],"e":[552,563.707,0],"to":[0,23.7111072540283,0],"ti":[0,-4.5879373550415,0]},{"t":148}],"ix":2},"a":{"a":0,"k":[58.5,136.5,0],"ix":1},"s":{"a":0,"k":[100,100,100],"ix":6}},"ao":0,"ef":[{"ty":5,"nm":"CC Radial Fast Blur","np":5,"mn":"CC Radial Fast Blur","ix":1,"en":1,"ef":[{"ty":3,"nm":"Center","mn":"CC Radial Fast Blur-0001","ix":1,"v":{"a":0,"k":[58.5,136.5],"ix":1}},{"ty":0,"nm":"Amount","mn":"CC Radial Fast Blur-0002","ix":2,"v":{"a":1,"k":[{"i":{"x":[0.833],"y":[0.833]},"o":{"x":[0.167],"y":[0.167]},"n":["0p833_0p833_0p167_0p167"],"t":102,"s":[0],"e":[13]},{"i":{"x":[0.833],"y":[0.833]},"o":{"x":[0.167],"y":[0.167]},"n":["0p833_0p833_0p167_0p167"],"t":120.072,"s":[13],"e":[0]},{"t":139.78515625}],"ix":2}},{"ty":7,"nm":"Zoom","mn":"CC Radial Fast Blur-0003","ix":3,"v":{"a":0,"k":1,"ix":3}}]}],"w":117,"h":273,"ip":101,"op":153,"st":76,"bm":0},{"ddd":0,"ind":7,"ty":0,"nm":"4-888.png 合成 1","cl":"png","refId":"comp_4","sr":1,"ks":{"o":{"a":1,"k":[{"i":{"x":[0.833],"y":[0.833]},"o":{"x":[0.167],"y":[0.167]},"n":["0p833_0p833_0p167_0p167"],"t":29.285,"s":[0],"e":[100]},{"i":{"x":[0.833],"y":[0.833]},"o":{"x":[0.167],"y":[0.167]},"n":["0p833_0p833_0p167_0p167"],"t":37.5,"s":[100],"e":[100]},{"i":{"x":[0.833],"y":[0.833]},"o":{"x":[0.167],"y":[0.167]},"n":["0p833_0p833_0p167_0p167"],"t":53,"s":[100],"e":[0]},{"t":61.212890625}],"ix":11},"r":{"a":0,"k":0,"ix":10},"p":{"a":1,"k":[{"i":{"x":0.833,"y":0.833},"o":{"x":0.333,"y":0},"n":"0p833_0p833_0p333_0","t":26,"s":[552,359,0],"e":[552,563.707,0],"to":[0,2.20669984817505,0],"ti":[0,-4.5879373550415,0]},{"t":72}],"ix":2},"a":{"a":0,"k":[58.5,136.5,0],"ix":1},"s":{"a":0,"k":[100,100,100],"ix":6}},"ao":0,"ef":[{"ty":5,"nm":"CC Radial Fast Blur","np":5,"mn":"CC Radial Fast Blur","ix":1,"en":1,"ef":[{"ty":3,"nm":"Center","mn":"CC Radial Fast Blur-0001","ix":1,"v":{"a":0,"k":[58.5,136.5],"ix":1}},{"ty":0,"nm":"Amount","mn":"CC Radial Fast Blur-0002","ix":2,"v":{"a":1,"k":[{"i":{"x":[0.833],"y":[0.833]},"o":{"x":[0.167],"y":[0.167]},"n":["0p833_0p833_0p167_0p167"],"t":26,"s":[0],"e":[13]},{"i":{"x":[0.833],"y":[0.833]},"o":{"x":[0.167],"y":[0.167]},"n":["0p833_0p833_0p167_0p167"],"t":44.072,"s":[13],"e":[0]},{"t":63.78515625}],"ix":2}},{"ty":7,"nm":"Zoom","mn":"CC Radial Fast Blur-0003","ix":3,"v":{"a":0,"k":1,"ix":3}}]}],"w":117,"h":273,"ip":25,"op":77,"st":0,"bm":0},{"ddd":0,"ind":8,"ty":0,"nm":"预合成 6","refId":"comp_5","sr":1,"ks":{"o":{"a":0,"k":100,"ix":11},"r":{"a":0,"k":0,"ix":10},"p":{"a":1,"k":[{"i":{"x":0.833,"y":0.833},"o":{"x":0.167,"y":0.167},"n":"0p833_0p833_0p167_0p167","t":0,"s":[373,1121,0],"e":[373,1105,0],"to":[0,-2.66666674613953,0],"ti":[0,0,0]},{"i":{"x":0.833,"y":0.833},"o":{"x":0.167,"y":0.167},"n":"0p833_0p833_0p167_0p167","t":10,"s":[373,1105,0],"e":[373,1121,0],"to":[0,0,0],"ti":[0,-2.66666674613953,0]},{"i":{"x":0.833,"y":0.833},"o":{"x":0.167,"y":0.167},"n":"0p833_0p833_0p167_0p167","t":22,"s":[373,1121,0],"e":[373,1121,0],"to":[0,0,0],"ti":[0,0,0]},{"t":30}],"ix":2},"a":{"a":0,"k":[373,1121,0],"ix":1},"s":{"a":1,"k":[{"i":{"x":[0.833,0.833,0.833],"y":[0.833,0.833,0.833]},"o":{"x":[0.167,0.167,0.167],"y":[0.167,0.167,0.167]},"n":["0p833_0p833_0p167_0p167","0p833_0p833_0p167_0p167","0p833_0p833_0p167_0p167"],"t":0,"s":[100,100,100],"e":[93.103,100,100]},{"i":{"x":[0.833,0.833,0.833],"y":[0.833,0.833,0.833]},"o":{"x":[0.167,0.167,0.167],"y":[0.167,0.167,0.167]},"n":["0p833_0p833_0p167_0p167","0p833_0p833_0p167_0p167","0p833_0p833_0p167_0p167"],"t":10,"s":[93.103,100,100],"e":[100,95.361,100]},{"i":{"x":[0.833,0.833,0.833],"y":[0.833,0.833,0.833]},"o":{"x":[0.167,0.167,0.167],"y":[0.167,0.167,0.167]},"n":["0p833_0p833_0p167_0p167","0p833_0p833_0p167_0p167","0p833_0p833_0p167_0p167"],"t":22,"s":[100,95.361,100],"e":[100,100,100]},{"t":30}],"ix":6}},"ao":0,"w":750,"h":1334,"ip":-76,"op":404,"st":-76,"bm":0}],"markers":[]}