{"v":"5.1.10","fr":48,"ip":0,"op":240,"w":750,"h":1334,"nm":"第一页","ddd":0,"assets":[{"id":"image_0","w":96,"h":217,"u":"images/","p":"img_0.png"},{"id":"image_1","w":88,"h":198,"u":"images/","p":"img_1.png"},{"id":"image_2","w":300,"h":95,"u":"images/","p":"img_2.png"},{"id":"image_3","w":286,"h":88,"u":"images/","p":"img_3.png"},{"id":"image_4","w":513,"h":201,"u":"images/","p":"img_4.png"},{"id":"image_5","w":104,"h":131,"u":"images/","p":"img_5.png"},{"id":"image_6","w":396,"h":221,"u":"images/","p":"img_6.png"},{"id":"image_7","w":506,"h":330,"u":"images/","p":"img_7.png"},{"id":"comp_0","layers":[{"ddd":0,"ind":1,"ty":2,"nm":"1-箭头1.png","cl":"png","refId":"image_0","sr":1,"ks":{"o":{"a":0,"k":100,"ix":11},"r":{"a":0,"k":0,"ix":10},"p":{"a":0,"k":[48,108.5,0],"ix":2},"a":{"a":0,"k":[48,108.5,0],"ix":1},"s":{"a":0,"k":[100,100,100],"ix":6}},"ao":0,"ip":0,"op":480,"st":0,"bm":0}]},{"id":"comp_1","layers":[{"ddd":0,"ind":1,"ty":2,"nm":"1-箭头2.png","cl":"png","refId":"image_1","sr":1,"ks":{"o":{"a":0,"k":100,"ix":11},"r":{"a":0,"k":0,"ix":10},"p":{"a":0,"k":[44,99,0],"ix":2},"a":{"a":0,"k":[44,99,0],"ix":1},"s":{"a":0,"k":[100,100,100],"ix":6}},"ao":0,"ip":0,"op":480,"st":0,"bm":0}]},{"id":"comp_2","layers":[{"ddd":0,"ind":1,"ty":2,"nm":"1-萝卜.png","cl":"png","refId":"image_2","sr":1,"ks":{"o":{"a":0,"k":100,"ix":11},"r":{"a":0,"k":0,"ix":10},"p":{"a":0,"k":[150,47.5,0],"ix":2},"a":{"a":0,"k":[150,47.5,0],"ix":1},"s":{"a":0,"k":[100,100,100],"ix":6}},"ao":0,"ip":0,"op":480,"st":0,"bm":0}]},{"id":"comp_3","layers":[{"ddd":0,"ind":1,"ty":2,"nm":"1-纸卷.png","cl":"png","refId":"image_3","sr":1,"ks":{"o":{"a":0,"k":100,"ix":11},"r":{"a":0,"k":0,"ix":10},"p":{"a":0,"k":[143,44,0],"ix":2},"a":{"a":0,"k":[143,44,0],"ix":1},"s":{"a":0,"k":[100,100,100],"ix":6}},"ao":0,"ip":0,"op":480,"st":0,"bm":0}]},{"id":"comp_4","layers":[{"ddd":0,"ind":1,"ty":2,"nm":"1-购物筐-框.png","cl":"png","refId":"image_4","sr":1,"ks":{"o":{"a":0,"k":100,"ix":11},"r":{"a":0,"k":0,"ix":10},"p":{"a":0,"k":[256.5,100.5,0],"ix":2},"a":{"a":0,"k":[256.5,100.5,0],"ix":1},"s":{"a":0,"k":[100,100,100],"ix":6}},"ao":0,"ip":0,"op":480,"st":0,"bm":0}]},{"id":"comp_5","layers":[{"ddd":0,"ind":1,"ty":2,"nm":"1-购物筐虾.png","cl":"png","refId":"image_5","sr":1,"ks":{"o":{"a":0,"k":100,"ix":11},"r":{"a":0,"k":0,"ix":10},"p":{"a":0,"k":[52,65.5,0],"ix":2},"a":{"a":0,"k":[52,65.5,0],"ix":1},"s":{"a":0,"k":[100,100,100],"ix":6}},"ao":0,"ip":0,"op":480,"st":0,"bm":0}]},{"id":"comp_6","layers":[{"ddd":0,"ind":1,"ty":2,"nm":"1-购物筐牛油果西瓜青菜西红柿.png","cl":"png","refId":"image_6","sr":1,"ks":{"o":{"a":0,"k":100,"ix":11},"r":{"a":0,"k":0,"ix":10},"p":{"a":0,"k":[198,110.5,0],"ix":2},"a":{"a":0,"k":[198,110.5,0],"ix":1},"s":{"a":0,"k":[100,100,100],"ix":6}},"ao":0,"ip":0,"op":480,"st":0,"bm":0}]},{"id":"comp_7","layers":[{"ddd":0,"ind":1,"ty":2,"nm":"1-购物筐洗衣液法棍薯片.png","cl":"png","refId":"image_7","sr":1,"ks":{"o":{"a":0,"k":100,"ix":11},"r":{"a":0,"k":0,"ix":10},"p":{"a":0,"k":[253,165,0],"ix":2},"a":{"a":0,"k":[253,165,0],"ix":1},"s":{"a":0,"k":[100,100,100],"ix":6}},"ao":0,"ip":0,"op":480,"st":0,"bm":0}]}],"layers":[{"ddd":0,"ind":2,"ty":0,"nm":"1-箭头1.png 合成 1","cl":"png","refId":"comp_0","sr":1,"ks":{"o":{"a":1,"k":[{"i":{"x":[0.833],"y":[0.833]},"o":{"x":[0.167],"y":[0.167]},"n":["0p833_0p833_0p167_0p167"],"t":179,"s":[0],"e":[100]},{"i":{"x":[0.833],"y":[0.833]},"o":{"x":[0.167],"y":[0.167]},"n":["0p833_0p833_0p167_0p167"],"t":189,"s":[100],"e":[100]},{"i":{"x":[0.833],"y":[0.833]},"o":{"x":[0.167],"y":[0.167]},"n":["0p833_0p833_0p167_0p167"],"t":211,"s":[100],"e":[0]},{"t":227}],"ix":11},"r":{"a":0,"k":0,"ix":10},"p":{"a":1,"k":[{"i":{"x":0.833,"y":0.833},"o":{"x":0.167,"y":0.167},"n":"0p833_0p833_0p167_0p167","t":175,"s":[552,359,0],"e":[552,457.51,0],"to":[0,2.20669984817505,0],"ti":[0,-27.6006526947021,0]},{"i":{"x":0.833,"y":0.833},"o":{"x":0.167,"y":0.167},"n":"0p833_0p833_0p167_0p167","t":203,"s":[552,457.51,0],"e":[552,563.707,0],"to":[0,23.7111072540283,0],"ti":[0,-4.5879373550415,0]},{"t":231}],"ix":2},"a":{"a":0,"k":[48,108.5,0],"ix":1},"s":{"a":0,"k":[100,100,100],"ix":6}},"ao":0,"ef":[{"ty":5,"nm":"CC Radial Fast Blur","np":5,"mn":"CC Radial Fast Blur","ix":1,"en":1,"ef":[{"ty":3,"nm":"Center","mn":"CC Radial Fast Blur-0001","ix":1,"v":{"a":0,"k":[48,108.5],"ix":1}},{"ty":0,"nm":"Amount","mn":"CC Radial Fast Blur-0002","ix":2,"v":{"a":1,"k":[{"i":{"x":[0.833],"y":[0.833]},"o":{"x":[0.167],"y":[0.167]},"n":["0p833_0p833_0p167_0p167"],"t":175,"s":[0],"e":[13]},{"i":{"x":[0.833],"y":[0.833]},"o":{"x":[0.167],"y":[0.167]},"n":["0p833_0p833_0p167_0p167"],"t":197,"s":[13],"e":[0]},{"t":221}],"ix":2}},{"ty":7,"nm":"Zoom","mn":"CC Radial Fast Blur-0003","ix":3,"v":{"a":0,"k":1,"ix":3}}]}],"w":96,"h":217,"ip":175,"op":233,"st":175,"bm":0},{"ddd":0,"ind":3,"ty":0,"nm":"1-箭头2.png 合成 1","cl":"png","refId":"comp_1","sr":1,"ks":{"o":{"a":1,"k":[{"i":{"x":[0.833],"y":[0.833]},"o":{"x":[0.167],"y":[0.167]},"n":["0p833_0p833_0p167_0p167"],"t":150,"s":[0],"e":[100]},{"i":{"x":[0.833],"y":[0.833]},"o":{"x":[0.167],"y":[0.167]},"n":["0p833_0p833_0p167_0p167"],"t":160,"s":[100],"e":[100]},{"i":{"x":[0.833],"y":[0.833]},"o":{"x":[0.167],"y":[0.167]},"n":["0p833_0p833_0p167_0p167"],"t":182,"s":[100],"e":[0]},{"t":200}],"ix":11},"r":{"a":0,"k":0,"ix":10},"p":{"a":1,"k":[{"i":{"x":0.833,"y":0.833},"o":{"x":0.167,"y":0.167},"n":"0p833_0p833_0p167_0p167","t":146,"s":[302,487,0],"e":[302,585.51,0],"to":[0,2.20669984817505,0],"ti":[0,-27.6006526947021,0]},{"i":{"x":0.833,"y":0.833},"o":{"x":0.167,"y":0.167},"n":"0p833_0p833_0p167_0p167","t":174,"s":[302,585.51,0],"e":[302,691.707,0],"to":[0,23.7111072540283,0],"ti":[0,-4.5879373550415,0]},{"t":202}],"ix":2},"a":{"a":0,"k":[44,99,0],"ix":1},"s":{"a":0,"k":[100,100,100],"ix":6}},"ao":0,"ef":[{"ty":5,"nm":"CC Radial Fast Blur","np":5,"mn":"CC Radial Fast Blur","ix":1,"en":1,"ef":[{"ty":3,"nm":"Center","mn":"CC Radial Fast Blur-0001","ix":1,"v":{"a":0,"k":[46,198],"ix":1}},{"ty":0,"nm":"Amount","mn":"CC Radial Fast Blur-0002","ix":2,"v":{"a":1,"k":[{"i":{"x":[0.833],"y":[0.833]},"o":{"x":[0.167],"y":[0.167]},"n":["0p833_0p833_0p167_0p167"],"t":146,"s":[0],"e":[13]},{"i":{"x":[0.833],"y":[0.833]},"o":{"x":[0.167],"y":[0.167]},"n":["0p833_0p833_0p167_0p167"],"t":168,"s":[13],"e":[0]},{"t":192}],"ix":2}},{"ty":7,"nm":"Zoom","mn":"CC Radial Fast Blur-0003","ix":3,"v":{"a":0,"k":1,"ix":3}}]}],"w":88,"h":198,"ip":146,"op":204,"st":146,"bm":0},{"ddd":0,"ind":4,"ty":0,"nm":"1-箭头1.png 合成 1","cl":"png","refId":"comp_0","sr":1,"ks":{"o":{"a":1,"k":[{"i":{"x":[0.833],"y":[0.833]},"o":{"x":[0.167],"y":[0.167]},"n":["0p833_0p833_0p167_0p167"],"t":102,"s":[0],"e":[100]},{"i":{"x":[0.833],"y":[0.833]},"o":{"x":[0.167],"y":[0.167]},"n":["0p833_0p833_0p167_0p167"],"t":112,"s":[100],"e":[100]},{"i":{"x":[0.833],"y":[0.833]},"o":{"x":[0.167],"y":[0.167]},"n":["0p833_0p833_0p167_0p167"],"t":134,"s":[100],"e":[0]},{"t":150}],"ix":11},"r":{"a":0,"k":0,"ix":10},"p":{"a":1,"k":[{"i":{"x":0.833,"y":0.833},"o":{"x":0.167,"y":0.167},"n":"0p833_0p833_0p167_0p167","t":98,"s":[552,359,0],"e":[552,457.51,0],"to":[0,2.20669984817505,0],"ti":[0,-27.6006526947021,0]},{"i":{"x":0.833,"y":0.833},"o":{"x":0.167,"y":0.167},"n":"0p833_0p833_0p167_0p167","t":126,"s":[552,457.51,0],"e":[552,563.707,0],"to":[0,23.7111072540283,0],"ti":[0,-4.5879373550415,0]},{"t":154}],"ix":2},"a":{"a":0,"k":[48,108.5,0],"ix":1},"s":{"a":0,"k":[100,100,100],"ix":6}},"ao":0,"ef":[{"ty":5,"nm":"CC Radial Fast Blur","np":5,"mn":"CC Radial Fast Blur","ix":1,"en":1,"ef":[{"ty":3,"nm":"Center","mn":"CC Radial Fast Blur-0001","ix":1,"v":{"a":0,"k":[48,108.5],"ix":1}},{"ty":0,"nm":"Amount","mn":"CC Radial Fast Blur-0002","ix":2,"v":{"a":1,"k":[{"i":{"x":[0.833],"y":[0.833]},"o":{"x":[0.167],"y":[0.167]},"n":["0p833_0p833_0p167_0p167"],"t":98,"s":[0],"e":[13]},{"i":{"x":[0.833],"y":[0.833]},"o":{"x":[0.167],"y":[0.167]},"n":["0p833_0p833_0p167_0p167"],"t":120,"s":[13],"e":[0]},{"t":144}],"ix":2}},{"ty":7,"nm":"Zoom","mn":"CC Radial Fast Blur-0003","ix":3,"v":{"a":0,"k":1,"ix":3}}]}],"w":96,"h":217,"ip":98,"op":156,"st":98,"bm":0},{"ddd":0,"ind":5,"ty":0,"nm":"1-箭头2.png 合成 1","cl":"png","refId":"comp_1","sr":1,"ks":{"o":{"a":1,"k":[{"i":{"x":[0.833],"y":[0.833]},"o":{"x":[0.167],"y":[0.167]},"n":["0p833_0p833_0p167_0p167"],"t":78,"s":[0],"e":[100]},{"i":{"x":[0.833],"y":[0.833]},"o":{"x":[0.167],"y":[0.167]},"n":["0p833_0p833_0p167_0p167"],"t":88,"s":[100],"e":[100]},{"i":{"x":[0.833],"y":[0.833]},"o":{"x":[0.167],"y":[0.167]},"n":["0p833_0p833_0p167_0p167"],"t":110,"s":[100],"e":[0]},{"t":128}],"ix":11},"r":{"a":0,"k":0,"ix":10},"p":{"a":1,"k":[{"i":{"x":0.833,"y":0.833},"o":{"x":0.167,"y":0.167},"n":"0p833_0p833_0p167_0p167","t":74,"s":[302,487,0],"e":[302,585.51,0],"to":[0,2.20669984817505,0],"ti":[0,-27.6006526947021,0]},{"i":{"x":0.833,"y":0.833},"o":{"x":0.167,"y":0.167},"n":"0p833_0p833_0p167_0p167","t":102,"s":[302,585.51,0],"e":[302,691.707,0],"to":[0,23.7111072540283,0],"ti":[0,-4.5879373550415,0]},{"t":130}],"ix":2},"a":{"a":0,"k":[44,99,0],"ix":1},"s":{"a":0,"k":[100,100,100],"ix":6}},"ao":0,"ef":[{"ty":5,"nm":"CC Radial Fast Blur","np":5,"mn":"CC Radial Fast Blur","ix":1,"en":1,"ef":[{"ty":3,"nm":"Center","mn":"CC Radial Fast Blur-0001","ix":1,"v":{"a":0,"k":[46,198],"ix":1}},{"ty":0,"nm":"Amount","mn":"CC Radial Fast Blur-0002","ix":2,"v":{"a":1,"k":[{"i":{"x":[0.833],"y":[0.833]},"o":{"x":[0.167],"y":[0.167]},"n":["0p833_0p833_0p167_0p167"],"t":74,"s":[0],"e":[13]},{"i":{"x":[0.833],"y":[0.833]},"o":{"x":[0.167],"y":[0.167]},"n":["0p833_0p833_0p167_0p167"],"t":96,"s":[13],"e":[0]},{"t":120}],"ix":2}},{"ty":7,"nm":"Zoom","mn":"CC Radial Fast Blur-0003","ix":3,"v":{"a":0,"k":1,"ix":3}}]}],"w":88,"h":198,"ip":74,"op":132,"st":74,"bm":0},{"ddd":0,"ind":6,"ty":0,"nm":"1-萝卜.png 合成 1","cl":"png","refId":"comp_2","sr":1,"ks":{"o":{"a":0,"k":100,"ix":11},"r":{"a":1,"k":[{"i":{"x":[0.833],"y":[0.833]},"o":{"x":[0.167],"y":[0.167]},"n":["0p833_0p833_0p167_0p167"],"t":52,"s":[0],"e":[8]},{"i":{"x":[0.833],"y":[0.833]},"o":{"x":[0.167],"y":[0.167]},"n":["0p833_0p833_0p167_0p167"],"t":68,"s":[8],"e":[0]},{"t":78}],"ix":10},"p":{"a":1,"k":[{"i":{"x":0.833,"y":0.833},"o":{"x":0.167,"y":0.167},"n":"0p833_0p833_0p167_0p167","t":52,"s":[557,958,0],"e":[572,1176,0],"to":[2.5,36.3333320617676,0],"ti":[-2.5,-36.3333320617676,0]},{"t":68}],"ix":2},"a":{"a":0,"k":[158,79.5,0],"ix":1},"s":{"a":1,"k":[{"i":{"x":[0.833,0.833,0.833],"y":[0.833,0.833,0.833]},"o":{"x":[0.167,0.167,0.167],"y":[0.167,0.167,0.167]},"n":["0p833_0p833_0p167_0p167","0p833_0p833_0p167_0p167","0p833_0p833_0p167_0p167"],"t":52,"s":[89,89,100],"e":[100,100,100]},{"t":68}],"ix":6}},"ao":0,"ef":[{"ty":5,"nm":"CC Vector Blur","np":9,"mn":"CC Vector Blur","ix":1,"en":0,"ef":[{"ty":7,"nm":"Type","mn":"CC Vector Blur-0001","ix":1,"v":{"a":0,"k":1,"ix":1}},{"ty":0,"nm":"Amount","mn":"CC Vector Blur-0002","ix":2,"v":{"a":1,"k":[{"i":{"x":[0.833],"y":[0.833]},"o":{"x":[0.167],"y":[0.167]},"n":["0p833_0p833_0p167_0p167"],"t":56,"s":[0],"e":[20]},{"i":{"x":[0.833],"y":[0.833]},"o":{"x":[0.167],"y":[0.167]},"n":["0p833_0p833_0p167_0p167"],"t":64,"s":[20],"e":[0]},{"t":72}],"ix":2}},{"ty":0,"nm":"Angle Offset","mn":"CC Vector Blur-0003","ix":3,"v":{"a":0,"k":0,"ix":3}},{"ty":0,"nm":"Ridge Smoothness","mn":"CC Vector Blur-0004","ix":4,"v":{"a":0,"k":1,"ix":4}},{"ty":10,"nm":"Vector Map","mn":"CC Vector Blur-0005","ix":5,"v":{"a":0,"k":0,"ix":5}},{"ty":7,"nm":"Property","mn":"CC Vector Blur-0006","ix":6,"v":{"a":0,"k":6,"ix":6}},{"ty":0,"nm":"Map Softness","mn":"CC Vector Blur-0007","ix":7,"v":{"a":0,"k":15,"ix":7}}]},{"ty":5,"nm":"CC Radial Fast Blur","np":5,"mn":"CC Radial Fast Blur","ix":2,"en":1,"ef":[{"ty":3,"nm":"Center","mn":"CC Radial Fast Blur-0001","ix":1,"v":{"a":0,"k":[-11,44],"ix":1}},{"ty":0,"nm":"Amount","mn":"CC Radial Fast Blur-0002","ix":2,"v":{"a":1,"k":[{"i":{"x":[0.833],"y":[0.833]},"o":{"x":[0.167],"y":[0.167]},"n":["0p833_0p833_0p167_0p167"],"t":52,"s":[0],"e":[54]},{"i":{"x":[0.833],"y":[0.833]},"o":{"x":[0.167],"y":[0.167]},"n":["0p833_0p833_0p167_0p167"],"t":62,"s":[54],"e":[0]},{"t":68}],"ix":2}},{"ty":7,"nm":"Zoom","mn":"CC Radial Fast Blur-0003","ix":3,"v":{"a":0,"k":1,"ix":3}}]}],"w":300,"h":95,"ip":0,"op":480,"st":0,"bm":0},{"ddd":0,"ind":7,"ty":0,"nm":"1-纸卷.png 合成 3","cl":"png","refId":"comp_3","sr":1,"ks":{"o":{"a":0,"k":100,"ix":11},"r":{"a":1,"k":[{"i":{"x":[0.833],"y":[0.833]},"o":{"x":[0.167],"y":[0.167]},"n":["0p833_0p833_0p167_0p167"],"t":32,"s":[0],"e":[-19]},{"i":{"x":[0.833],"y":[0.833]},"o":{"x":[0.167],"y":[0.167]},"n":["0p833_0p833_0p167_0p167"],"t":48,"s":[-19],"e":[0]},{"t":58}],"ix":10},"p":{"a":1,"k":[{"i":{"x":0.833,"y":0.833},"o":{"x":0.167,"y":0.167},"n":"0p833_0p833_0p167_0p167","t":32,"s":[273,977,0],"e":[194,1157,0],"to":[-13.1666669845581,30,0],"ti":[13.1666669845581,-30,0]},{"t":48}],"ix":2},"a":{"a":0,"k":[22,81.222,0],"ix":1},"s":{"a":1,"k":[{"i":{"x":[0.833,0.833,0.833],"y":[0.833,0.833,0.833]},"o":{"x":[0.167,0.167,0.167],"y":[0.167,0.167,0.167]},"n":["0p833_0p833_0p167_0p167","0p833_0p833_0p167_0p167","0p833_0p833_0p167_0p167"],"t":32,"s":[90,90,100],"e":[106,106,100]},{"t":48}],"ix":6}},"ao":0,"ef":[{"ty":5,"nm":"CC Vector Blur","np":9,"mn":"CC Vector Blur","ix":1,"en":0,"ef":[{"ty":7,"nm":"Type","mn":"CC Vector Blur-0001","ix":1,"v":{"a":0,"k":1,"ix":1}},{"ty":0,"nm":"Amount","mn":"CC Vector Blur-0002","ix":2,"v":{"a":1,"k":[{"i":{"x":[0.833],"y":[0.833]},"o":{"x":[0.167],"y":[0.167]},"n":["0p833_0p833_0p167_0p167"],"t":32,"s":[0],"e":[8]},{"i":{"x":[0.833],"y":[0.833]},"o":{"x":[0.167],"y":[0.167]},"n":["0p833_0p833_0p167_0p167"],"t":42,"s":[8],"e":[0]},{"t":48}],"ix":2}},{"ty":0,"nm":"Angle Offset","mn":"CC Vector Blur-0003","ix":3,"v":{"a":0,"k":0,"ix":3}},{"ty":0,"nm":"Ridge Smoothness","mn":"CC Vector Blur-0004","ix":4,"v":{"a":0,"k":1,"ix":4}},{"ty":10,"nm":"Vector Map","mn":"CC Vector Blur-0005","ix":5,"v":{"a":0,"k":0,"ix":5}},{"ty":7,"nm":"Property","mn":"CC Vector Blur-0006","ix":6,"v":{"a":0,"k":6,"ix":6}},{"ty":0,"nm":"Map Softness","mn":"CC Vector Blur-0007","ix":7,"v":{"a":0,"k":15,"ix":7}}]},{"ty":5,"nm":"CC Radial Fast Blur","np":5,"mn":"CC Radial Fast Blur","ix":2,"en":1,"ef":[{"ty":3,"nm":"Center","mn":"CC Radial Fast Blur-0001","ix":1,"v":{"a":0,"k":[-11,44],"ix":1}},{"ty":0,"nm":"Amount","mn":"CC Radial Fast Blur-0002","ix":2,"v":{"a":1,"k":[{"i":{"x":[0.833],"y":[0.833]},"o":{"x":[0.167],"y":[0.167]},"n":["0p833_0p833_0p167_0p167"],"t":32,"s":[0],"e":[54]},{"i":{"x":[0.833],"y":[0.833]},"o":{"x":[0.167],"y":[0.167]},"n":["0p833_0p833_0p167_0p167"],"t":42,"s":[54],"e":[0]},{"t":48}],"ix":2}},{"ty":7,"nm":"Zoom","mn":"CC Radial Fast Blur-0003","ix":3,"v":{"a":0,"k":1,"ix":3}}]}],"w":286,"h":88,"ip":0,"op":480,"st":0,"bm":0},{"ddd":0,"ind":8,"ty":0,"nm":"1-购物筐-框.png 合成 1","cl":"png","refId":"comp_4","sr":1,"ks":{"o":{"a":0,"k":100,"ix":11},"r":{"a":0,"k":0,"ix":10},"p":{"a":0,"k":[441,1027,0],"ix":2},"a":{"a":0,"k":[256.5,100.5,0],"ix":1},"s":{"a":0,"k":[100,100,100],"ix":6}},"ao":0,"w":513,"h":201,"ip":0,"op":480,"st":0,"bm":0},{"ddd":0,"ind":9,"ty":0,"nm":"1-购物筐虾.png 合成 1","cl":"png","refId":"comp_5","sr":1,"ks":{"o":{"a":0,"k":100,"ix":11},"r":{"a":0,"k":0,"ix":10},"p":{"a":1,"k":[{"i":{"x":0.833,"y":0.833},"o":{"x":0.167,"y":0.167},"n":"0p833_0p833_0p167_0p167","t":24,"s":[404,1153,0],"e":[406,1153,0],"to":[0.33333334326744,0,0],"ti":[-0.33333334326744,-0.33333334326744,0]},{"i":{"x":0.833,"y":0.833},"o":{"x":0.167,"y":0.167},"n":"0p833_0p833_0p167_0p167","t":36,"s":[406,1153,0],"e":[406,1155,0],"to":[0.33333334326744,0.33333334326744,0],"ti":[0,-0.33333334326744,0]},{"t":50}],"ix":2},"a":{"a":0,"k":[42,323.5,0],"ix":1},"s":{"a":1,"k":[{"i":{"x":[0.833,0.833,0.833],"y":[0.833,0.833,0.833]},"o":{"x":[0.167,0.167,0.167],"y":[0.167,0.167,0.167]},"n":["0p833_0p833_0p167_0p167","0p833_0p833_0p167_0p167","0p833_0p833_0p167_0p167"],"t":24,"s":[100,100,100],"e":[105,105,100]},{"i":{"x":[0.833,0.833,0.833],"y":[0.833,0.833,0.833]},"o":{"x":[0.167,0.167,0.167],"y":[0.167,0.167,0.167]},"n":["0p833_0p833_0p167_0p167","0p833_0p833_0p167_0p167","0p833_0p833_0p167_0p167"],"t":36,"s":[105,105,100],"e":[100,100,100]},{"t":50}],"ix":6}},"ao":0,"w":104,"h":131,"ip":0,"op":480,"st":0,"bm":0},{"ddd":0,"ind":10,"ty":0,"nm":"1-购物筐牛油果西瓜青菜西红柿.png 合成 1","cl":"png","refId":"comp_6","sr":1,"ks":{"o":{"a":0,"k":100,"ix":11},"r":{"a":0,"k":0,"ix":10},"p":{"a":1,"k":[{"i":{"x":0.833,"y":0.833},"o":{"x":0.167,"y":0.167},"n":"0p833_0p833_0p167_0p167","t":22,"s":[408,1155,0],"e":[404,1151,0],"to":[-0.66666668653488,-0.66666668653488,0],"ti":[0,0,0]},{"i":{"x":0.833,"y":0.833},"o":{"x":0.167,"y":0.167},"n":"0p833_0p833_0p167_0p167","t":34,"s":[404,1151,0],"e":[408,1155,0],"to":[0,0,0],"ti":[-0.66666668653488,-0.66666668653488,0]},{"t":48}],"ix":2},"a":{"a":0,"k":[224,352.5,0],"ix":1},"s":{"a":1,"k":[{"i":{"x":[0.833,0.833,0.833],"y":[0.833,0.833,0.833]},"o":{"x":[0.167,0.167,0.167],"y":[0.167,0.167,0.167]},"n":["0p833_0p833_0p167_0p167","0p833_0p833_0p167_0p167","0p833_0p833_0p167_0p167"],"t":22,"s":[110,110,100],"e":[110,110,100]},{"i":{"x":[0.833,0.833,0.833],"y":[0.833,0.833,0.833]},"o":{"x":[0.167,0.167,0.167],"y":[0.167,0.167,0.167]},"n":["0p833_0p833_0p167_0p167","0p833_0p833_0p167_0p167","0p833_0p833_0p167_0p167"],"t":34,"s":[110,110,100],"e":[110,110,100]},{"t":48}],"ix":6}},"ao":0,"w":396,"h":221,"ip":0,"op":480,"st":0,"bm":0},{"ddd":0,"ind":11,"ty":0,"nm":"1-购物筐洗衣液法棍薯片.png 合成 1","cl":"png","refId":"comp_7","sr":1,"ks":{"o":{"a":0,"k":100,"ix":11},"r":{"a":0,"k":0,"ix":10},"p":{"a":1,"k":[{"i":{"x":0.833,"y":0.833},"o":{"x":0.167,"y":0.167},"n":"0p833_0p833_0p167_0p167","t":20,"s":[404,1153,0],"e":[406,1153,0],"to":[0.33333334326744,0,0],"ti":[-0.33333334326744,-0.33333334326744,0]},{"i":{"x":0.833,"y":0.833},"o":{"x":0.167,"y":0.167},"n":"0p833_0p833_0p167_0p167","t":32,"s":[406,1153,0],"e":[406,1155,0],"to":[0.33333334326744,0.33333334326744,0],"ti":[0,-0.33333334326744,0]},{"t":46}],"ix":2},"a":{"a":0,"k":[241,423,0],"ix":1},"s":{"a":1,"k":[{"i":{"x":[0.833,0.833,0.833],"y":[0.833,0.833,0.833]},"o":{"x":[0.167,0.167,0.167],"y":[0.167,0.167,0.167]},"n":["0p833_0p833_0p167_0p167","0p833_0p833_0p167_0p167","0p833_0p833_0p167_0p167"],"t":20,"s":[100,100,100],"e":[106.29,106.29,100]},{"i":{"x":[0.833,0.833,0.833],"y":[0.833,0.833,0.833]},"o":{"x":[0.167,0.167,0.167],"y":[0.167,0.167,0.167]},"n":["0p833_0p833_0p167_0p167","0p833_0p833_0p167_0p167","0p833_0p833_0p167_0p167"],"t":32,"s":[106.29,106.29,100],"e":[100,100,100]},{"t":46}],"ix":6}},"ao":0,"w":506,"h":330,"ip":0,"op":480,"st":0,"bm":0}],"markers":[]}